VendorID,tpep_pickup_datetime,tpep_dropoff_datetime,passenger_count,trip_distance,RatecodeID,store_and_fwd_flag,PULocationID,DOLocationID,payment_type,fare_amount,extra,mta_tax,tip_amount,tolls_amount,improvement_surcharge,total_amount,congestion_surcharge
1,2020-01-01 00:28:15,2020-01-01 00:33:03,1,1.2,1,N,238,239,1,6.0,3.0,0.5,1.47,0.0,0.3,11.27,2.5
1,2020-01-01 00:35:39,2020-01-01 00:43:04,1,1.2,1,N,239,238,1,7.0,3.0,0.5,1.5,0.0,0.3,12.3,2.5
1,2020-01-01 00:47:41,2020-01-01 00:53:52,1,0.6,1,N,238,238,1,6.0,3.0,0.5,1.0,0.0,0.3,10.8,2.5
1,2020-01-01 00:55:23,2020-01-01 01:00:14,1,0.8,1,N,238,151,1,5.5,0.5,0.5,1.36,0.0,0.3,8.16,0.0
2,2020-01-01 00:01:58,2020-01-01 00:04:16,1,0.0,1,N,193,193,2,3.5,0.5,0.5,0.0,0.0,0.3,4.8,0.0
2,2020-01-01 00:09:44,2020-01-01 00:10:37,1,0.03,1,N,7,193,2,2.5,0.5,0.5,0.0,0.0,0.3,3.8,0.0
2,2020-01-01 00:39:25,2020-01-01 00:39:29,1,0.0,1,N,193,193,1,2.5,0.5,0.5,0.01,0.0,0.3,3.81,0.0
2,2019-12-18 15:27:49,2019-12-18 15:28:59,1,0.0,5,N,193,193,1,0.01,0.0,0.0,0.0,0.0,0.3,2.81,2.5
2,2019-12-18 15:30:35,2019-12-18 15:31:35,4,0.0,1,N,193,193,1,2.5,0.5,0.5,0.0,0.0,0.3,6.3,2.5
1,2020-01-01 00:29:01,2020-01-01 00:40:28,2,0.7,1,N,246,48,1,8.0,3.0,0.5,2.35,0.0,0.3,14.15,2.5
1,2020-01-01 00:55:11,2020-01-01 01:12:03,2,2.4,1,N,246,79,1,12.0,3.0,0.5,1.75,0.0,0.3,17.55,2.5
1,2020-01-01 00:37:15,2020-01-01 00:51:41,1,0.8,1,N,163,161,2,9.5,3.0,0.5,0.0,0.0,0.3,13.3,2.5
1,2020-01-01 00:56:27,2020-01-01 01:21:44,1,3.3,1,N,161,144,1,17.0,3.0,0.5,4.15,0.0,0.3,24.95,2.5
2,2020-01-01 00:21:54,2020-01-01 00:27:31,1,1.07,1,N,43,239,1,6.0,0.5,0.5,1.96,0.0,0.3,11.76,2.5
2,2020-01-01 00:38:01,2020-01-01 01:15:21,1,7.76,1,N,143,25,1,28.5,0.5,0.5,4.84,0.0,0.3,37.14,2.5
1,2020-01-01 00:15:35,2020-01-01 00:27:06,3,1.6,1,N,211,234,2,9.0,3.0,0.5,0.0,0.0,0.3,12.8,2.5
1,2020-01-01 00:41:20,2020-01-01 00:44:22,1,0.5,1,Y,234,90,1,4.0,3.0,0.5,1.0,0.0,0.3,8.8,2.5
1,2020-01-01 00:56:38,2020-01-01 01:13:34,1,1.7,1,N,246,142,2,11.5,3.0,0.5,0.0,0.0,0.3,15.3,2.5
2,2020-01-01 00:08:21,2020-01-01 00:25:29,1,8.45,1,N,138,216,2,24.5,0.5,0.5,0.0,0.0,0.3,25.8,0.0
1,2020-01-01 00:25:39,2020-01-01 00:27:05,1,0.0,1,N,170,162,4,3.0,3.0,0.5,0.0,0.0,0.3,6.8,2.5
1,2020-01-01 00:28:53,2020-01-01 00:41:59,1,1.5,1,N,170,161,1,9.5,3.0,0.5,2.65,0.0,0.3,15.95,2.5
1,2020-01-01 00:49:00,2020-01-01 01:17:42,1,2.9,1,N,161,262,1,19.0,3.0,0.5,4.55,0.0,0.3,27.35,2.5
1,2020-01-01 00:23:54,2020-01-01 00:38:46,1,1.9,1,N,236,162,1,10.5,3.0,0.5,2.85,0.0,0.3,17.15,2.5
1,2020-01-01 00:56:12,2020-01-01 01:19:57,1,4.2,1,N,50,261,1,18.0,3.0,0.5,4.35,0.0,0.3,26.15,2.5
1,2020-01-01 00:28:02,2020-01-01 00:35:56,2,1.5,1,N,142,236,1,7.5,3.0,0.5,2.8,0.0,0.3,14.1,2.5
1,2020-01-01 00:48:23,2020-01-01 00:53:58,1,0.6,1,N,237,141,1,5.5,3.0,0.5,1.85,0.0,0.3,11.15,2.5
2,2020-01-01 00:13:53,2020-01-01 00:40:35,1,5.73,1,N,246,112,2,21.0,0.5,0.5,0.0,6.12,0.3,30.92,2.5
2,2020-01-01 00:19:13,2020-01-01 00:28:54,1,2.12,1,N,24,236,1,9.0,0.5,0.5,0.0,0.0,0.3,12.8,2.5
2,2020-01-01 00:31:25,2020-01-01 00:37:16,2,0.93,1,N,236,262,1,5.5,0.5,0.5,2.32,0.0,0.3,11.62,2.5
1,2020-01-01 00:29:04,2020-01-01 01:03:27,2,5.7,1,N,234,238,1,25.5,3.0,0.5,5.85,0.0,0.3,35.15,2.5
1,2020-01-01 00:03:02,2020-01-01 00:09:22,1,1.2,1,N,232,79,2,6.5,3.0,0.5,0.0,0.0,0.3,10.3,2.5
1,2020-01-01 00:22:24,2020-01-01 00:33:24,1,1.3,1,N,79,233,1,8.5,3.0,0.5,1.7,0.0,0.3,14.0,2.5
1,2020-01-01 00:47:27,2020-01-01 00:55:40,1,0.7,1,N,233,170,1,6.5,3.0,0.5,2.05,0.0,0.3,12.35,2.5
1,2020-01-01 00:57:44,2020-01-01 01:00:49,1,0.4,1,N,170,107,1,4.0,3.0,0.5,1.55,0.0,0.3,9.35,2.5
1,2020-01-01 00:28:44,2020-01-01 00:43:40,2,3.9,1,N,148,49,1,14.5,3.0,0.5,3.7,0.0,0.3,22.0,2.5
1,2020-01-01 00:04:28,2020-01-01 00:17:36,1,3.3,1,N,144,229,1,12.0,3.0,0.5,3.15,0.0,0.3,18.95,2.5
1,2020-01-01 00:19:19,2020-01-01 00:34:22,1,1.7,1,N,229,142,2,11.0,3.0,0.5,0.0,0.0,0.3,14.8,2.5
1,2020-01-01 00:37:35,2020-01-01 00:40:31,1,0.6,1,N,142,239,1,4.5,3.0,0.5,2.45,0.0,0.3,10.75,2.5
1,2020-01-01 00:43:08,2020-01-01 00:54:30,1,2.3,1,N,239,41,1,10.0,3.0,0.5,2.75,0.0,0.3,16.55,2.5
1,2020-01-01 00:55:29,2020-01-01 01:06:22,1,1.5,1,N,41,74,1,9.0,0.5,0.5,2.05,0.0,0.3,12.35,0.0
2,2020-01-01 00:22:33,2020-01-01 00:28:01,2,0.81,1,N,239,142,2,5.5,0.5,0.5,0.0,0.0,0.3,9.3,2.5
2,2020-01-01 00:30:11,2020-01-01 01:31:29,1,0.8,1,N,48,68,2,18.5,1.3,0.5,0.0,0.0,0.0,22.8,2.5
1,2020-01-01 00:54:57,2020-01-01 00:58:50,6,0.9,1,N,95,95,2,5.0,0.5,0.5,0.0,0.0,0.3,6.3,0.0
1,2020-01-01 00:23:37,2020-01-01 00:26:18,1,0.9,1,N,229,140,1,4.5,3.0,0.5,1.65,0.0,0.3,9.95,2.5
1,2020-01-01 00:33:33,2020-01-01 00:36:20,2,0.6,1,N,141,140,1,4.5,3.0,0.5,1.65,0.0,0.3,9.95,2.5
1,2020-01-01 00:43:56,2020-01-01 00:46:24,1,0.7,1,N,141,141,1,4.5,3.0,0.5,1.0,0.0,0.3,9.3,2.5
1,2020-01-01 00:58:34,2020-01-01 01:07:17,1,1.1,1,N,233,229,1,7.0,3.0,0.5,2.15,0.0,0.3,12.95,2.5
2,2020-01-01 00:31:20,2020-01-01 00:47:31,2,2.77,1,N,144,68,1,12.5,0.5,0.5,3.26,0.0,0.3,19.56,2.5
2,2020-01-01 00:50:58,2020-01-01 01:06:09,1,1.39,1,N,246,48,2,10.0,0.5,0.5,0.0,0.0,0.3,13.8,2.5
2,2020-01-01 00:12:40,2020-01-01 00:18:07,1,0.69,1,N,79,79,1,5.5,0.5,0.5,2.32,0.0,0.3,11.62,2.5
2,2020-01-01 00:43:33,2020-01-01 01:21:12,1,3.23,1,N,237,48,2,22.5,0.5,0.5,0.0,0.0,0.3,26.3,2.5
2,2020-01-01 00:05:31,2020-01-01 00:25:18,3,3.36,1,N,237,107,1,15.0,0.5,0.5,3.76,0.0,0.3,22.56,2.5
2,2020-01-01 00:42:23,2020-01-01 00:47:08,4,0.66,1,N,234,90,1,5.0,0.5,0.5,1.76,0.0,0.3,10.56,2.5
2,2020-01-01 00:51:18,2020-01-01 01:04:08,2,2.0,1,N,90,148,1,10.0,0.5,0.5,2.76,0.0,0.3,16.56,2.5
1,2020-01-01 00:33:31,2020-01-01 00:59:47,1,8.7,1,N,166,213,2,28.0,0.5,0.5,0.0,0.0,0.3,29.3,0.0
1,2020-01-01 00:26:44,2020-01-01 00:48:11,1,2.4,1,N,249,100,1,14.5,3.0,0.5,3.65,0.0,0.3,21.95,2.5
1,2020-01-01 00:59:30,2020-01-01 01:08:40,1,1.0,1,N,234,137,1,7.0,3.0,0.5,2.15,0.0,0.3,12.95,2.5
1,2020-01-01 00:20:02,2020-01-01 00:26:23,1,1.3,1,N,87,148,1,6.5,3.0,0.5,2.0,0.0,0.3,12.3,2.5
1,2020-01-01 00:30:08,2020-01-01 00:43:24,1,2.0,1,N,148,170,1,10.5,3.0,0.5,1.0,0.0,0.3,15.3,2.5
1,2020-01-01 00:55:41,2020-01-01 01:31:23,2,5.2,1,N,113,239,1,25.5,3.0,0.5,5.85,0.0,0.3,35.15,2.5
2,2020-01-01 00:21:24,2020-01-01 00:33:45,1,1.58,1,N,234,162,1,9.5,0.5,0.5,3.99,0.0,0.3,17.29,2.5
1,2020-01-01 00:28:35,2020-01-01 00:44:47,2,2.1,1,N,43,170,2,11.5,3.0,0.5,0.0,0.0,0.3,15.3,2.5
1,2020-01-01 00:59:54,2020-01-01 01:20:08,2,3.3,1,N,234,263,1,15.0,3.0,0.5,3.75,0.0,0.3,22.55,2.5
2,2020-01-01 00:20:37,2020-01-01 00:26:18,3,1.18,1,N,237,239,2,6.0,0.5,0.5,0.0,0.0,0.3,9.8,2.5
2,2020-01-01 00:29:55,2020-01-01 00:48:40,3,2.42,1,N,239,229,1,13.0,0.5,0.5,3.36,0.0,0.3,20.16,2.5
2,2020-01-01 00:50:47,2020-01-01 01:08:23,2,3.23,1,N,229,239,1,13.5,0.5,0.5,0.0,0.0,0.3,17.3,2.5
1,2020-01-01 00:27:00,2020-01-01 00:49:22,2,2.3,1,N,161,79,2,15.0,3.0,0.5,0.0,0.0,0.3,18.8,2.5
1,2020-01-01 00:53:50,2020-01-01 01:04:39,3,1.3,1,N,107,170,2,8.5,3.0,0.5,0.0,0.0,0.3,12.3,2.5
2,2020-01-01 00:09:11,2020-01-01 00:28:51,1,7.1,1,N,166,248,2,22.0,0.5,0.5,0.0,0.0,0.3,23.3,0.0
2,2020-01-01 00:42:15,2020-01-01 01:16:20,1,14.52,1,N,185,226,1,41.0,0.5,0.5,8.46,0.0,0.3,52.71,0.0
2,2020-01-01 00:15:13,2020-01-01 00:26:52,1,2.09,1,N,162,142,2,10.0,0.5,0.5,0.0,0.0,0.3,13.8,2.5
2,2020-01-01 00:28:39,2020-01-01 00:54:21,1,4.82,1,N,142,7,1,20.5,0.5,0.5,4.86,0.0,0.3,29.16,2.5
2,2020-01-01 00:13:16,2020-01-01 00:17:45,2,1.31,1,N,236,237,1,6.0,0.5,0.5,1.96,0.0,0.3,11.76,2.5
2,2020-01-01 00:20:03,2020-01-01 00:29:43,2,3.32,1,N,237,42,2,11.0,0.5,0.5,0.0,0.0,0.3,14.8,2.5
2,2020-01-01 00:39:11,2020-01-01 01:00:00,1,2.8,1,N,236,162,2,15.0,0.5,0.5,0.0,0.0,0.3,18.8,2.5
2,2020-01-01 00:35:13,2020-01-01 00:54:55,2,4.55,1,N,189,80,1,17.5,0.5,0.5,0.0,0.0,0.3,18.8,0.0
2,2020-01-01 00:08:40,2020-01-01 00:21:20,2,1.75,1,N,211,107,2,10.0,0.5,0.5,0.0,0.0,0.3,13.8,2.5
2,2020-01-01 00:30:10,2020-01-01 00:38:35,2,1.12,1,N,162,170,1,7.0,0.5,0.5,2.16,0.0,0.3,12.96,2.5
2,2020-01-01 00:53:35,2020-01-01 01:12:18,2,4.07,1,N,79,262,1,15.5,0.5,0.5,4.82,0.0,0.3,24.12,2.5
2,2020-01-01 00:13:26,2020-01-01 00:16:52,1,1.17,1,N,142,238,1,5.5,0.5,0.5,1.0,0.0,0.3,10.3,2.5
2,2020-01-01 00:20:28,2020-01-01 00:24:30,1,1.35,1,N,239,24,1,6.0,0.5,0.5,2.45,0.0,0.3,12.25,2.5
2,2020-01-01 00:25:53,2020-01-01 00:35:45,1,5.19,1,N,24,243,2,16.0,0.5,0.5,0.0,0.0,0.3,17.3,0.0
2,2020-01-01 00:11:46,2020-01-01 00:17:54,1,0.5,1,N,211,231,1,5.5,0.5,0.5,1.86,0.0,0.3,11.16,2.5
2,2020-01-01 00:22:30,2020-01-01 00:43:08,1,3.46,1,N,211,246,2,15.0,0.5,0.5,0.0,0.0,0.3,18.8,2.5
2,2020-01-01 00:44:37,2020-01-01 01:46:33,1,6.7,1,N,50,7,1,38.5,0.5,0.5,8.46,0.0,0.3,50.76,2.5
1,2020-01-01 00:08:54,2020-01-01 00:24:20,4,3.5,1,N,234,140,1,13.5,3.0,0.5,3.46,0.0,0.3,20.76,2.5
1,2020-01-01 00:26:50,2020-01-01 00:38:36,1,3.6,1,N,140,41,2,12.5,3.0,0.5,0.0,0.0,0.3,16.3,2.5
1,2020-01-01 00:58:36,2020-01-01 01:04:38,2,1.3,1,N,262,140,1,7.0,3.0,0.5,2.15,0.0,0.3,12.95,2.5
2,2020-01-01 00:02:15,2020-01-01 00:13:28,1,6.46,1,N,142,244,1,19.0,0.5,0.5,2.28,0.0,0.3,25.08,2.5
2,2020-01-01 00:24:45,2020-01-01 00:32:07,1,1.25,1,N,166,238,1,7.5,0.5,0.5,2.83,0.0,0.3,14.13,2.5
2,2020-01-01 00:37:17,2020-01-01 00:39:44,1,0.51,1,N,239,239,1,4.0,0.5,0.5,1.17,0.0,0.3,8.97,2.5
2,2020-01-01 00:41:18,2020-01-01 01:25:00,1,2.43,1,N,239,186,2,25.5,0.5,0.5,0.0,0.0,0.3,29.3,2.5
2,2020-01-01 00:12:19,2020-01-01 00:18:54,2,1.4,1,N,263,140,1,6.5,0.5,0.5,2.06,0.0,0.3,12.36,2.5
2,2020-01-01 00:21:22,2020-01-01 00:35:22,2,2.67,1,N,140,143,2,12.0,0.5,0.5,0.0,0.0,0.3,15.8,2.5
2,2020-01-01 00:37:27,2020-01-01 00:50:39,2,2.33,1,N,143,236,1,11.0,0.5,0.5,2.0,0.0,0.3,16.8,2.5
2,2020-01-01 00:53:56,2020-01-01 01:13:51,1,3.75,1,N,236,107,1,15.5,0.5,0.5,2.0,0.0,0.3,21.3,2.5
1,2020-01-01 00:14:05,2020-01-01 00:40:50,2,2.1,1,N,48,107,1,16.5,3.0,0.5,4.05,0.0,0.3,24.35,2.5
2,2020-01-01 00:14:44,2020-01-01 00:23:35,1,1.78,1,N,161,141,2,8.0,0.5,0.5,0.0,0.0,0.3,11.8,2.5
2,2020-01-01 00:25:31,2020-01-01 00:38:12,1,3.16,1,N,141,224,2,11.5,0.5,0.5,0.0,0.0,0.3,15.3,2.5
2,2020-01-01 00:41:28,2020-01-01 00:54:20,1,3.37,1,N,107,263,1,12.0,0.5,0.5,2.1,0.0,0.3,17.9,2.5
1,2020-01-01 00:18:14,2020-01-01 00:21:58,2,0.6,1,N,142,143,1,5.0,3.0,0.5,2.6,0.0,0.3,11.4,2.5
1,2020-01-01 00:25:49,2020-01-01 00:29:42,2,0.8,1,N,239,151,1,5.0,3.0,0.5,2.0,0.0,0.3,10.8,2.5
1,2020-01-01 00:35:03,2020-01-01 00:53:06,1,3.0,1,N,238,229,1,14.0,3.0,0.5,3.55,0.0,0.3,21.35,2.5
1,2020-01-01 00:56:39,2020-01-01 01:21:13,2,3.8,1,N,229,45,4,16.5,3.0,0.5,0.0,0.0,0.3,20.3,2.5
2,2020-01-01 00:08:44,2020-01-01 00:19:57,2,2.64,1,N,151,262,1,11.0,0.5,0.5,2.96,0.0,0.3,17.76,2.5
2,2020-01-01 00:21:23,2020-01-01 00:36:23,3,2.83,1,N,262,161,2,12.5,0.5,0.5,0.0,0.0,0.3,16.3,2.5
2,2020-01-01 00:46:08,2020-01-01 00:56:59,3,0.55,1,N,162,161,1,8.0,0.5,0.5,2.36,0.0,0.3,14.16,2.5
2,2020-01-01 00:58:31,2020-01-01 01:09:45,1,2.18,1,N,161,262,1,9.5,0.5,0.5,2.39,0.0,0.3,15.69,2.5
2,2020-01-01 00:08:27,2020-01-01 00:13:52,3,1.1,1,N,148,231,2,6.0,0.5,0.5,0.0,0.0,0.3,9.8,2.5
2,2020-01-01 00:16:16,2020-01-01 00:30:41,2,1.89,1,N,231,79,1,11.0,0.5,0.5,1.0,0.0,0.3,15.8,2.5
2,2020-01-01 00:43:50,2020-01-01 00:59:52,1,3.17,1,N,262,151,1,14.0,0.5,0.5,3.56,0.0,0.3,21.36,2.5
2,2020-01-01 00:12:28,2020-01-01 00:21:11,1,1.5,1,N,40,65,1,7.5,0.5,0.5,1.76,0.0,0.3,10.56,0.0
2,2020-01-01 00:36:33,2020-01-01 00:53:23,1,6.43,1,N,261,170,1,20.5,0.5,0.5,4.86,0.0,0.3,29.16,2.5
2,2020-01-01 00:55:51,2020-01-01 01:02:28,1,0.83,1,N,170,170,1,6.0,0.5,0.5,1.96,0.0,0.3,11.76,2.5
1,2020-01-01 00:14:06,2020-01-01 00:22:53,3,1.5,1,N,148,107,1,8.0,3.0,0.5,2.35,0.0,0.3,14.15,2.5
1,2020-01-01 00:30:20,2020-01-01 00:54:21,2,8.0,1,N,137,181,2,25.5,3.0,0.5,0.0,0.0,0.3,29.3,2.5
1,2020-01-01 00:19:32,2020-01-01 00:26:03,1,1.4,1,N,43,236,1,7.0,3.0,0.5,2.7,0.0,0.3,13.5,2.5
1,2020-01-01 00:29:14,2020-01-01 00:52:47,1,4.7,1,N,236,79,1,18.0,3.0,0.5,6.5,0.0,0.3,28.3,2.5
2,2020-01-01 00:05:56,2020-01-01 00:25:52,2,2.95,1,N,87,158,2,13.5,0.5,0.5,0.0,0.0,0.3,17.3,2.5
2,2020-01-01 00:29:09,2020-01-01 00:59:04,3,5.25,1,N,158,236,1,22.5,0.5,0.5,5.26,0.0,0.3,31.56,2.5
1,2020-01-01 00:16:44,2020-01-01 00:18:51,1,0.5,1,N,170,107,3,3.5,3.0,0.5,0.0,0.0,0.3,7.3,2.5
1,2020-01-01 00:53:38,2020-01-01 01:04:20,1,1.4,1,N,234,107,1,8.5,3.0,0.5,0.0,0.0,0.3,12.3,2.5
1,2020-01-01 00:31:16,2020-01-01 01:05:43,1,9.9,1,N,231,82,2,33.0,2.5,0.5,0.0,0.0,0.3,36.3,2.5
1,2020-01-01 00:42:55,2020-01-01 01:07:31,2,3.9,1,N,151,229,2,18.0,3.0,0.5,0.0,0.0,0.3,21.8,2.5
2,2020-01-01 00:12:38,2020-01-01 00:19:11,1,1.26,1,N,166,238,2,6.5,0.5,0.5,0.0,0.0,0.3,10.3,2.5
2,2020-01-01 00:21:28,2020-01-01 00:27:29,4,1.48,1,N,238,24,2,6.5,0.5,0.5,0.0,0.0,0.3,10.3,2.5
2,2020-01-01 00:29:32,2020-01-01 00:46:42,1,3.28,1,N,166,262,2,14.5,0.5,0.5,0.0,0.0,0.3,18.3,2.5
2,2020-01-01 00:21:32,2020-01-01 00:30:20,1,1.61,1,N,181,49,1,8.0,0.5,0.5,1.86,0.0,0.3,11.16,0.0
2,2020-01-01 00:47:40,2020-01-01 01:09:23,1,3.23,1,N,144,232,1,16.0,0.5,0.5,0.0,0.0,0.3,19.8,2.5
2,2020-01-01 00:27:25,2020-01-01 00:37:34,3,1.88,1,N,239,237,1,9.0,0.5,0.5,2.56,0.0,0.3,15.36,2.5
2,2020-01-01 00:52:06,2020-01-01 01:01:48,1,2.26,1,N,237,75,2,9.5,0.5,0.5,0.0,0.0,0.3,13.3,2.5
2,2020-01-01 00:53:21,2020-01-01 01:16:14,1,12.92,1,N,132,265,1,36.0,0.5,0.5,7.46,0.0,0.3,44.76,0.0
2,2020-01-01 00:13:58,2020-01-01 00:32:39,2,7.76,1,N,138,151,1,24.0,0.5,0.5,6.28,6.12,0.3,37.7,0.0
2,2020-01-01 00:36:37,2020-01-01 00:44:04,1,1.33,1,N,43,239,2,7.5,0.5,0.5,0.0,0.0,0.3,11.3,2.5
2,2020-01-01 00:46:55,2020-01-01 00:51:55,3,0.71,1,N,239,238,1,5.5,0.5,0.5,1.3,0.0,0.3,10.6,2.5
2,2020-01-01 00:52:41,2020-01-01 01:08:48,2,2.31,1,N,238,141,1,12.5,0.5,0.5,3.26,0.0,0.3,19.56,2.5
2,2020-01-01 00:03:46,2020-01-01 00:14:47,1,2.89,1,N,229,145,1,11.5,0.5,0.5,3.06,0.0,0.3,18.36,2.5
2,2020-01-01 00:42:07,2020-01-01 00:49:28,1,1.06,1,N,161,137,1,6.5,0.5,0.5,4.0,0.0,0.3,14.3,2.5
2,2020-01-01 00:17:41,2020-01-01 00:28:27,1,2.11,1,N,140,236,1,10.0,0.5,0.5,2.07,0.0,0.3,15.87,2.5
2,2020-01-01 00:32:56,2020-01-01 00:41:19,1,1.52,1,N,236,43,1,8.5,0.5,0.5,1.0,0.0,0.3,13.3,2.5
2,2020-01-01 00:44:51,2020-01-01 00:53:30,1,1.97,1,N,163,75,2,8.5,0.5,0.5,0.0,0.0,0.3,12.3,2.5
2,2020-01-01 00:05:05,2020-01-01 00:14:54,1,2.29,1,N,236,162,1,9.0,0.5,0.5,1.0,0.0,0.3,13.8,2.5
2,2020-01-01 00:25:06,2020-01-01 00:29:07,1,1.62,1,N,229,263,1,6.5,0.5,0.5,2.58,0.0,0.3,12.88,2.5
2,2020-01-01 00:30:19,2020-01-01 00:33:26,1,0.98,1,N,263,141,1,5.0,0.5,0.5,1.32,0.0,0.3,10.12,2.5
2,2020-01-01 00:40:24,2020-01-01 00:52:17,1,2.7,1,N,140,238,1,11.5,0.5,0.5,3.0,0.0,0.3,18.3,2.5
2,2020-01-01 00:53:10,2020-01-01 01:46:40,1,6.39,1,N,238,211,1,34.0,0.5,0.5,7.56,0.0,0.3,45.36,2.5
1,2020-01-01 00:14:09,2020-01-01 00:34:04,3,1.4,1,N,233,186,2,12.5,3.0,0.5,0.0,0.0,0.3,16.3,2.5
1,2020-01-01 00:44:31,2020-01-01 01:11:20,2,5.2,1,N,249,112,1,19.0,3.0,0.5,5.75,6.12,0.3,34.67,2.5
2,2020-01-01 00:12:04,2020-01-01 00:16:39,1,0.75,1,N,249,125,1,5.0,0.5,0.5,1.76,0.0,0.3,10.56,2.5
2,2020-01-01 00:22:52,2020-01-01 00:35:39,1,2.01,1,N,211,137,1,10.0,0.5,0.5,2.76,0.0,0.3,16.56,2.5
2,2020-01-01 00:37:00,2020-01-01 00:58:24,1,7.21,1,N,137,158,1,23.5,0.5,0.5,5.46,0.0,0.3,32.76,2.5
2,2020-01-01 00:41:55,2020-01-01 01:25:10,2,4.26,1,N,68,261,2,27.5,0.5,0.5,0.0,0.0,0.3,31.3,2.5
2,2020-01-01 00:43:13,2020-01-01 01:40:35,5,8.6,1,N,68,223,1,39.5,0.5,0.5,5.2,0.0,0.3,48.5,2.5
1,2020-01-01 00:13:26,2020-01-01 00:42:31,3,2.7,1,N,249,48,1,18.0,3.0,0.5,2.0,0.0,0.3,23.8,2.5
1,2020-01-01 00:46:09,2020-01-01 01:00:08,1,3.4,1,N,142,41,1,12.5,3.0,0.5,4.05,0.0,0.3,20.35,2.5
2,2020-01-01 00:22:59,2020-01-01 00:41:19,1,2.38,1,N,164,79,1,13.0,0.5,0.5,3.36,0.0,0.3,20.16,2.5
2,2020-01-01 00:45:05,2020-01-01 01:23:29,1,5.18,1,N,79,143,1,25.0,0.5,0.5,4.32,0.0,0.3,33.12,2.5
2,2020-01-01 00:55:36,2020-01-01 01:11:07,1,2.92,1,N,142,41,2,13.0,0.5,0.5,0.0,0.0,0.3,16.8,2.5
2,2020-01-01 00:16:49,2020-01-01 00:37:53,1,3.06,1,N,162,79,2,14.5,0.5,0.5,0.0,0.0,0.3,18.3,2.5
2,2020-01-01 00:47:49,2020-01-01 00:52:27,1,0.74,1,N,107,137,1,5.0,0.5,0.5,0.88,0.0,0.3,9.68,2.5
2,2020-01-01 00:54:28,2020-01-01 00:58:41,1,0.6,1,N,170,137,3,-4.5,-0.5,-0.5,0.0,0.0,-0.3,-8.3,-2.5
2,2020-01-01 00:54:28,2020-01-01 00:58:41,1,0.6,1,N,170,137,2,4.5,0.5,0.5,0.0,0.0,0.3,8.3,2.5
2,2020-01-01 00:29:11,2020-01-01 00:46:19,1,3.83,1,N,163,24,1,15.5,0.5,0.5,2.0,0.0,0.3,21.3,2.5
2,2020-01-01 00:53:51,2020-01-01 01:12:49,1,5.34,1,N,238,90,2,19.0,0.5,0.5,0.0,0.0,0.3,22.8,2.5
1,2020-01-01 00:08:29,2020-01-01 00:13:20,1,0.5,1,N,114,148,1,5.0,3.0,0.5,1.75,0.0,0.3,10.55,2.5
1,2020-01-01 00:16:48,2020-01-01 00:36:07,3,3.9,1,N,148,48,1,16.0,3.0,0.5,3.95,0.0,0.3,23.75,2.5
1,2020-01-01 00:43:27,2020-01-01 00:59:10,1,1.9,1,N,48,143,1,11.5,3.0,0.5,3.05,0.0,0.3,18.35,2.5
1,2020-01-01 00:22:28,2020-01-01 00:25:23,1,0.6,1,N,68,246,2,4.5,3.0,0.5,0.0,0.0,0.3,8.3,2.5
1,2020-01-01 00:29:45,2020-01-01 00:42:18,2,2.3,1,N,68,125,1,10.5,3.0,0.5,0.0,0.0,0.3,14.3,2.5
1,2020-01-01 00:44:41,2020-01-01 00:50:09,1,1.2,1,N,125,158,1,6.0,3.0,0.5,1.96,0.0,0.3,11.76,2.5
1,2020-01-01 00:50:44,2020-01-01 01:00:04,3,1.7,1,N,158,211,1,8.5,3.0,0.5,2.45,0.0,0.3,14.75,2.5
2,2020-01-01 00:21:46,2020-01-01 00:41:56,4,4.55,1,N,229,144,2,18.0,0.5,0.5,0.0,0.0,0.3,21.8,2.5
2,2020-01-01 00:44:03,2020-01-01 00:51:58,3,1.53,1,N,144,113,1,7.5,0.5,0.5,2.82,0.0,0.3,14.12,2.5
2,2020-01-01 00:54:02,2020-01-01 01:04:38,3,1.35,1,N,113,170,2,8.5,0.5,0.5,0.0,0.0,0.3,12.3,2.5
2,2020-01-01 00:17:27,2020-01-01 00:27:08,4,0.84,1,N,140,237,1,7.5,0.5,0.5,2.26,0.0,0.3,13.56,2.5
2,2020-01-01 00:32:54,2020-01-01 00:41:29,4,1.8,1,N,237,75,1,8.5,0.5,0.5,2.46,0.0,0.3,14.76,2.5
2,2020-01-01 00:43:27,2020-01-01 00:53:36,3,1.49,1,N,75,41,2,8.0,0.5,0.5,0.0,0.0,0.3,9.3,0.0
2,2020-01-01 00:54:33,2020-01-01 01:12:25,2,1.76,1,N,41,75,2,12.5,0.5,0.5,0.0,0.0,0.3,13.8,0.0
1,2020-01-01 00:34:40,2020-01-01 00:38:08,1,0.6,1,N,236,262,1,4.5,3.0,0.5,1.65,0.0,0.3,9.95,2.5
1,2020-01-01 00:39:40,2020-01-01 01:03:26,2,13.7,1,N,262,134,1,38.5,3.0,0.5,12.1,6.12,0.3,60.52,2.5
1,2020-01-01 00:08:37,2020-01-01 00:39:27,2,1.5,1,N,90,161,1,18.0,3.0,0.5,3.0,0.0,0.3,24.8,2.5
2,2020-01-01 00:15:13,2020-01-01 00:33:57,1,3.57,1,N,68,238,2,15.0,0.5,0.5,0.0,0.0,0.3,18.8,2.5
2,2020-01-01 00:35:21,2020-01-01 00:55:42,1,8.2,1,N,238,220,2,25.5,0.5,0.5,0.0,2.8,0.3,32.1,2.5
1,2020-01-01 00:22:58,2020-01-01 00:35:46,2,2.1,1,N,161,141,1,10.5,3.0,0.5,1.0,0.0,0.3,15.3,2.5
1,2020-01-01 00:41:52,2020-01-01 00:48:16,2,1.3,1,N,237,262,2,6.5,3.0,0.5,0.0,0.0,0.3,10.3,2.5
1,2020-01-01 00:58:43,2020-01-01 01:12:27,1,4.1,1,N,236,226,2,14.0,3.0,0.5,0.0,0.0,0.3,17.8,2.5
2,2020-01-01 00:25:39,2020-01-01 00:36:05,1,1.65,1,N,249,148,1,9.0,0.5,0.5,2.56,0.0,0.3,15.36,2.5
2,2020-01-01 00:38:20,2020-01-01 00:55:28,3,2.53,1,N,148,170,1,12.5,0.5,0.5,3.26,0.0,0.3,19.56,2.5
2,2020-01-01 00:59:05,2020-01-01 01:20:51,3,1.92,1,N,170,68,1,14.0,0.5,0.5,3.56,0.0,0.3,21.36,2.5
1,2020-01-01 00:44:31,2020-01-01 00:48:46,1,0.8,3,N,170,107,1,22.5,0.5,0.0,4.65,0.0,0.3,27.95,0.0
1,2020-01-01 00:11:14,2020-01-01 00:36:19,1,5.2,1,N,231,239,1,21.0,3.0,0.5,6.2,0.0,0.3,31.0,2.5
1,2020-01-01 00:39:34,2020-01-01 00:43:42,2,0.7,1,N,238,151,1,5.0,3.0,0.5,1.76,0.0,0.3,10.56,2.5
1,2020-01-01 00:45:13,2020-01-01 00:52:55,1,1.6,1,N,238,43,2,7.5,3.0,0.5,0.0,0.0,0.3,11.3,2.5
1,2020-01-01 00:54:18,2020-01-01 01:23:46,1,6.6,1,N,43,114,1,25.0,3.0,0.5,4.0,0.0,0.3,32.8,2.5
1,2020-01-01 00:01:54,2020-01-01 00:26:47,1,2.3,1,N,161,249,1,16.5,3.0,0.5,4.05,0.0,0.3,24.35,2.5
1,2020-01-01 00:31:57,2020-01-01 01:00:34,1,4.5,1,N,249,143,1,20.5,3.0,0.5,4.86,0.0,0.3,29.16,2.5
2,2020-01-01 00:17:28,2020-01-01 00:37:16,6,2.11,1,N,142,237,2,13.5,0.5,0.5,0.0,0.0,0.3,17.3,2.5
2,2020-01-01 00:38:43,2020-01-01 00:54:55,6,2.48,1,N,236,170,1,12.0,0.5,0.5,3.16,0.0,0.3,18.96,2.5
2,2020-01-01 00:11:29,2020-01-01 00:20:24,1,1.79,1,N,144,158,1,8.0,0.5,0.5,2.36,0.0,0.3,14.16,2.5
2,2020-01-01 00:23:21,2020-01-01 00:34:40,1,1.25,1,N,158,234,1,8.5,0.5,0.5,3.69,0.0,0.3,15.99,2.5
2,2020-01-01 00:39:10,2020-01-01 00:52:11,2,1.66,1,N,234,211,1,9.5,0.5,0.5,2.66,0.0,0.3,15.96,2.5
2,2020-01-01 00:53:40,2020-01-01 01:08:02,1,2.32,1,N,114,45,1,11.0,0.5,0.5,2.96,0.0,0.3,17.76,2.5
2,2020-01-01 00:13:45,2020-01-01 00:21:24,1,1.27,1,N,231,211,1,7.0,0.5,0.5,2.16,0.0,0.3,12.96,2.5
2,2020-01-01 00:27:33,2020-01-01 00:55:36,1,4.83,1,N,113,75,1,20.5,0.5,0.5,6.08,0.0,0.3,30.38,2.5
2,2020-01-01 00:08:36,2020-01-01 00:20:14,1,2.64,1,N,141,151,2,11.0,0.5,0.5,0.0,0.0,0.3,14.8,2.5
2,2020-01-01 00:22:52,2020-01-01 00:35:46,1,2.68,1,N,151,141,1,11.5,0.5,0.5,3.06,0.0,0.3,18.36,2.5
2,2020-01-01 00:37:05,2020-01-01 00:48:36,1,1.42,1,N,141,262,2,9.0,0.5,0.5,0.0,0.0,0.3,12.8,2.5
2,2020-01-01 00:57:38,2020-01-01 01:02:31,1,1.24,1,N,141,229,2,6.0,0.5,0.5,0.0,0.0,0.3,9.8,2.5
2,2020-01-01 00:23:11,2020-01-01 00:45:03,1,5.33,1,N,113,255,1,20.0,0.5,0.5,4.76,0.0,0.3,28.56,2.5
2,2020-01-01 00:47:40,2020-01-01 01:07:25,1,5.37,1,N,255,233,1,19.5,0.5,0.5,4.66,0.0,0.3,27.96,2.5
1,2020-01-01 00:40:25,2020-01-01 00:44:29,3,0.9,1,N,141,262,1,5.0,3.0,0.5,1.75,0.0,0.3,10.55,2.5
2,2020-01-01 00:28:56,2020-01-01 00:44:28,1,1.35,1,N,113,164,1,10.5,0.5,0.5,2.86,0.0,0.3,17.16,2.5
2,2020-01-01 00:48:34,2020-01-01 00:55:38,1,0.69,1,N,234,113,1,6.0,0.5,0.5,1.96,0.0,0.3,11.76,2.5
2,2020-01-01 00:57:21,2020-01-01 01:10:32,1,2.63,1,N,113,229,1,11.0,0.5,0.5,2.96,0.0,0.3,17.76,2.5
2,2020-01-01 00:30:50,2020-01-01 00:55:01,1,3.4,1,N,249,233,1,16.0,0.5,0.5,4.95,0.0,0.3,24.75,2.5
2,2020-01-01 00:40:58,2020-01-01 00:50:00,1,1.55,1,N,239,237,1,8.5,0.5,0.5,2.46,0.0,0.3,14.76,2.5
2,2020-01-01 00:01:04,2020-01-01 00:19:37,1,6.72,1,N,75,129,1,21.0,0.5,0.5,0.0,0.0,0.3,24.8,2.5
2,2020-01-01 00:22:20,2020-01-01 00:28:26,1,1.37,1,N,129,226,2,7.0,0.5,0.5,0.0,0.0,0.3,8.3,0.0
2,2020-01-01 00:46:19,2020-01-01 00:54:47,1,6.32,1,N,132,28,2,18.0,0.5,0.5,0.0,0.0,0.3,19.3,0.0
2,2020-01-01 00:56:32,2020-01-01 01:13:53,1,11.85,2,N,93,263,1,52.0,0.0,0.5,12.28,6.12,0.3,73.7,2.5
2,2020-01-01 00:24:07,2020-01-01 00:27:48,6,0.89,1,N,129,260,2,5.5,0.5,0.5,0.0,0.0,0.3,6.8,0.0
2,2020-01-01 00:39:43,2020-01-01 00:45:55,6,1.47,1,N,226,260,2,7.0,0.5,0.5,0.0,0.0,0.3,8.3,0.0
2,2020-01-01 00:48:29,2020-01-01 00:55:05,6,1.24,1,N,260,129,1,6.5,0.5,0.5,2.34,0.0,0.3,10.14,0.0
2,2020-01-01 00:24:13,2020-01-01 00:57:38,1,15.69,1,N,138,153,1,44.0,0.5,0.5,10.28,6.12,0.3,61.7,0.0
2,2020-01-01 00:54:09,2020-01-01 01:17:53,1,1.74,1,N,48,137,1,14.5,0.5,0.5,3.66,0.0,0.3,21.96,2.5
2,2020-01-01 00:07:57,2020-01-01 00:32:35,2,10.05,1,N,138,142,2,30.5,0.5,0.5,0.0,6.12,0.3,40.42,2.5
2,2020-01-01 00:35:46,2020-01-01 00:56:40,2,2.39,1,N,142,233,1,14.5,0.5,0.5,3.66,0.0,0.3,21.96,2.5
2,2020-01-01 00:59:39,2020-01-01 01:08:21,1,1.19,1,N,233,234,1,7.5,0.5,0.5,2.0,0.0,0.3,13.3,2.5
1,2020-01-01 00:11:24,2020-01-01 00:17:15,2,1.7,1,N,237,236,2,7.0,3.0,0.5,0.0,0.0,0.3,10.8,2.5
1,2020-01-01 00:25:18,2020-01-01 00:33:43,3,1.6,1,N,43,262,1,8.0,3.0,0.5,2.35,0.0,0.3,14.15,2.5
1,2020-01-01 00:38:02,2020-01-01 00:53:28,1,2.7,1,N,262,170,2,12.5,3.0,0.5,0.0,0.0,0.3,16.3,2.5
1,2020-01-01 00:56:12,2020-01-01 00:59:50,1,0.5,1,N,170,137,1,4.5,3.0,0.5,1.0,0.0,0.3,9.3,2.5
1,2020-01-01 00:32:45,2020-01-01 00:36:48,1,0.6,1,N,137,107,3,5.0,3.0,0.5,0.0,0.0,0.3,8.8,2.5
1,2020-01-01 00:39:24,2020-01-01 00:52:40,1,2.9,1,N,107,140,3,12.0,3.0,0.5,0.0,0.0,0.3,15.8,2.5
2,2020-01-01 00:43:10,2020-01-01 00:57:20,1,2.8,1,N,148,229,1,11.5,0.5,0.5,3.06,0.0,0.3,18.36,2.5
1,2020-01-01 00:16:41,2020-01-01 00:36:04,2,6.7,1,N,237,87,2,22.0,3.0,0.5,0.0,0.0,0.3,25.8,2.5
1,2020-01-01 00:38:48,2020-01-01 00:46:09,2,1.8,1,Y,209,66,1,8.0,3.0,0.5,2.95,0.0,0.3,14.75,2.5
1,2020-01-01 00:50:35,2020-01-01 01:01:02,2,2.3,1,N,65,148,2,10.0,3.0,0.5,0.0,0.0,0.3,13.8,2.5
1,2020-01-01 00:21:13,2020-01-01 00:50:30,1,18.2,2,N,132,116,1,52.0,0.0,0.5,0.0,6.12,0.3,58.92,0.0
1,2020-01-01 00:56:06,2020-01-01 01:14:25,1,6.0,1,N,116,220,3,19.5,0.5,0.5,0.0,0.0,0.3,20.8,0.0
2,2020-01-01 00:09:12,2020-01-01 00:17:32,2,2.23,1,N,166,239,1,9.0,0.5,0.5,3.2,0.0,0.3,16.0,2.5
2,2020-01-01 00:20:23,2020-01-01 00:23:39,1,0.78,1,N,239,239,2,4.5,0.5,0.5,0.0,0.0,0.3,8.3,2.5
2,2020-01-01 00:24:09,2020-01-01 00:27:19,1,0.78,1,N,239,238,1,4.5,0.5,0.5,1.66,0.0,0.3,9.96,2.5
2,2020-01-01 00:28:02,2020-01-01 00:59:11,2,7.03,1,N,238,232,1,25.5,0.5,0.5,5.86,0.0,0.3,35.16,2.5
1,2020-01-01 00:39:22,2020-01-01 00:47:57,2,1.0,1,N,90,79,2,7.0,3.0,0.5,0.0,0.0,0.3,10.8,2.5
2,2020-01-01 00:29:59,2020-01-01 00:41:57,1,3.42,1,N,43,193,2,12.0,0.5,0.5,0.0,0.0,0.3,15.8,2.5
1,2020-01-01 00:35:14,2020-01-01 00:47:37,1,2.8,1,N,229,113,1,11.0,3.0,0.5,2.95,0.0,0.3,17.75,2.5
1,2020-01-01 00:50:55,2020-01-01 01:43:59,1,13.3,1,N,114,55,2,46.5,3.0,0.5,0.0,0.0,0.3,50.3,2.5
2,2020-01-01 00:09:07,2020-01-01 00:21:03,1,2.52,1,N,50,90,1,10.5,0.5,0.5,2.86,0.0,0.3,17.16,2.5
2,2020-01-01 00:37:03,2020-01-01 00:48:20,1,1.62,1,N,90,79,1,9.0,0.5,0.5,2.56,0.0,0.3,15.36,2.5
2,2020-01-01 00:56:44,2020-01-01 01:09:59,1,2.0,1,N,79,90,1,10.5,0.5,0.5,2.86,0.0,0.3,17.16,2.5
2,2020-01-01 00:00:36,2020-01-01 00:26:11,1,9.84,1,N,148,159,2,30.5,0.5,0.5,0.0,0.0,0.3,34.3,2.5
2,2020-01-01 00:46:24,2020-01-01 00:49:55,1,0.79,1,N,141,263,1,5.0,0.5,0.5,1.0,0.0,0.3,9.8,2.5
2,2020-01-01 00:53:33,2020-01-01 01:08:24,1,4.67,1,N,141,4,1,16.0,0.5,0.5,7.5,0.0,0.3,27.3,2.5
1,2020-01-01 00:26:39,2020-01-01 00:27:57,1,0.5,1,Y,74,74,2,3.5,0.5,0.5,0.0,0.0,0.3,4.8,0.0
1,2020-01-01 00:35:37,2020-01-01 00:45:49,2,2.1,1,N,236,239,1,9.5,3.0,0.5,2.65,0.0,0.3,15.95,2.5
1,2020-01-01 00:48:54,2020-01-01 01:12:05,2,5.0,1,N,239,226,1,19.0,3.0,0.5,4.55,0.0,0.3,27.35,2.5
2,2020-01-01 00:07:49,2020-01-01 00:12:54,1,0.77,1,N,148,4,1,5.5,0.5,0.5,1.86,0.0,0.3,11.16,2.5
2,2020-01-01 00:19:34,2020-01-01 00:27:21,1,1.09,1,N,79,249,1,7.0,0.5,0.5,2.16,0.0,0.3,12.96,2.5
2,2020-01-01 00:33:46,2020-01-01 00:52:09,1,0.24,1,N,234,90,2,11.5,0.5,0.5,0.0,0.0,0.3,15.3,2.5
2,2020-01-01 00:29:02,2020-01-01 00:35:51,1,0.79,1,N,114,232,1,6.0,0.5,0.5,1.0,0.0,0.3,10.8,2.5
2,2020-01-01 00:48:10,2020-01-01 01:13:41,1,4.12,1,N,114,189,1,19.0,0.5,0.5,4.56,0.0,0.3,27.36,2.5
1,2020-01-01 00:30:01,2020-01-01 00:39:06,0,1.4,1,N,234,114,1,7.5,3.0,0.5,2.25,0.0,0.3,13.55,2.5
1,2020-01-01 00:40:50,2020-01-01 00:50:05,0,1.5,1,N,114,137,1,8.0,3.0,0.5,2.35,0.0,0.3,14.15,2.5
1,2020-01-01 00:54:17,2020-01-01 01:08:08,0,2.5,1,Y,137,144,2,11.5,3.0,0.5,0.0,0.0,0.3,15.3,2.5
1,2020-01-01 00:28:47,2020-01-01 01:01:37,2,3.7,1,N,107,143,1,20.5,3.0,0.5,5.0,0.0,0.3,29.3,2.5
1,2020-01-01 00:14:18,2020-01-01 00:42:24,1,2.2,1,N,113,161,2,17.5,3.0,0.5,0.0,0.0,0.3,21.3,2.5
1,2020-01-01 00:46:31,2020-01-01 01:11:12,3,1.9,1,N,161,68,2,15.5,3.0,0.5,0.0,0.0,0.3,19.3,2.5
2,2020-01-01 00:35:15,2020-01-01 00:41:53,1,1.79,1,N,236,239,2,8.0,0.5,0.5,0.0,0.0,0.3,11.8,2.5
2,2020-01-01 00:43:19,2020-01-01 00:54:48,1,2.02,1,N,238,263,1,10.0,0.5,0.5,2.2,0.0,0.3,16.0,2.5
2,2020-01-01 00:59:27,2020-01-01 01:18:53,1,3.83,1,N,262,50,2,16.0,0.5,0.5,0.0,0.0,0.3,19.8,2.5
1,2020-01-01 00:33:32,2020-01-01 00:39:18,2,1.4,1,N,141,263,1,6.5,3.0,0.5,1.55,0.0,0.3,11.85,2.5
1,2020-01-01 00:51:06,2020-01-01 00:57:10,2,1.8,1,N,263,229,1,7.5,3.0,0.5,2.8,0.0,0.3,14.1,2.5
2,2020-01-01 00:50:31,2020-01-01 00:53:45,1,0.55,1,N,74,74,2,4.0,0.5,0.5,0.0,0.0,0.3,5.3,0.0
2,2020-01-01 00:24:47,2020-01-01 00:35:09,1,1.2,1,N,161,170,2,8.0,0.5,0.5,0.0,0.0,0.3,11.8,2.5
2,2020-01-01 00:47:36,2020-01-01 01:13:47,2,2.25,1,N,170,142,1,16.0,0.5,0.5,2.97,0.0,0.3,22.77,2.5
2,2020-01-01 00:05:45,2020-01-01 00:19:30,2,2.15,1,N,158,79,1,10.5,0.5,0.5,2.86,0.0,0.3,17.16,2.5
2,2020-01-01 00:22:35,2020-01-01 00:38:31,1,2.8,1,N,79,13,2,13.0,0.5,0.5,0.0,0.0,0.3,16.8,2.5
2,2020-01-01 00:42:33,2020-01-01 01:03:11,1,7.53,1,N,13,141,1,24.0,0.5,0.5,6.95,0.0,0.3,34.75,2.5
1,2020-01-01 00:34:58,2020-01-01 00:45:28,0,2.8,1,N,145,224,2,11.0,3.0,0.5,0.0,6.12,0.3,20.92,2.5
1,2020-01-01 00:46:41,2020-01-01 00:51:14,3,0.7,1,N,224,107,1,5.0,3.0,0.5,1.75,0.0,0.3,10.55,2.5
1,2020-01-01 00:55:25,2020-01-01 01:10:34,0,2.6,1,N,137,140,1,11.5,3.0,0.5,3.05,0.0,0.3,18.35,2.5
1,2020-01-01 00:12:57,2020-01-01 00:24:06,1,1.8,1,N,90,233,1,9.5,3.0,0.5,2.65,0.0,0.3,15.95,2.5
1,2020-01-01 00:52:34,2020-01-01 01:05:28,4,0.7,1,N,161,163,2,9.0,3.0,0.5,0.0,0.0,0.3,12.8,2.5
1,2020-01-01 00:05:04,2020-01-01 00:14:12,1,1.8,1,N,239,262,1,8.5,3.0,0.5,3.65,0.0,0.3,15.95,2.5
1,2020-01-01 00:20:49,2020-01-01 00:31:07,1,1.9,1,N,263,238,1,9.0,3.0,0.5,3.8,0.0,0.3,16.6,2.5
1,2020-01-01 00:34:19,2020-01-01 00:43:44,1,1.3,1,N,239,151,1,8.0,3.0,0.5,1.0,0.0,0.3,12.8,2.5
1,2020-01-01 00:45:58,2020-01-01 00:52:15,1,1.8,1,N,238,142,1,7.5,3.0,0.5,2.8,0.0,0.3,14.1,2.5
1,2020-01-01 00:53:24,2020-01-01 01:31:06,1,2.7,1,N,142,170,1,15.5,3.0,0.5,1.0,0.0,0.3,20.3,2.5
1,2020-01-01 00:26:22,2020-01-01 00:33:14,2,0.3,1,N,90,90,2,5.5,3.0,0.5,0.0,0.0,0.3,9.3,2.5
1,2020-01-01 00:45:25,2020-01-01 01:12:19,1,5.2,1,N,113,37,1,21.5,3.0,0.5,0.0,0.0,0.3,25.3,2.5
2,2020-01-01 00:30:59,2020-01-01 00:53:36,1,9.93,1,N,132,122,1,30.0,0.5,0.5,6.26,0.0,0.3,37.56,0.0
1,2020-01-01 00:41:48,2020-01-01 01:14:40,3,4.4,1,N,48,144,1,22.0,3.0,0.5,5.15,0.0,0.3,30.95,2.5
2,2020-01-01 00:29:19,2020-01-01 00:39:51,1,1.66,1,N,43,262,2,9.0,0.5,0.5,0.0,0.0,0.3,12.8,2.5
2,2020-01-01 00:43:09,2020-01-01 00:47:52,1,0.86,1,N,263,236,1,5.5,0.5,0.5,1.86,0.0,0.3,11.16,2.5
2,2020-01-01 00:41:47,2020-01-01 00:49:06,1,0.53,1,N,234,234,2,6.0,0.5,0.5,0.0,0.0,0.3,9.8,2.5
2,2020-01-01 00:20:53,2020-01-01 00:31:57,1,2.39,1,N,236,143,1,10.5,0.5,0.5,2.86,0.0,0.3,17.16,2.5
2,2020-01-01 00:33:14,2020-01-01 00:39:03,1,0.95,1,N,143,48,1,6.5,0.5,0.5,2.06,0.0,0.3,12.36,2.5
2,2020-01-01 00:49:04,2020-01-01 00:51:50,1,0.4,1,N,143,142,2,4.0,0.5,0.5,0.0,0.0,0.3,7.8,2.5
2,2020-01-01 00:59:46,2020-01-01 01:09:36,1,1.54,1,N,239,238,2,8.0,0.5,0.5,0.0,0.0,0.3,11.8,2.5
2,2020-01-01 00:53:34,2020-01-01 01:15:49,3,1.72,1,N,48,164,2,14.0,0.5,0.5,0.0,0.0,0.3,17.8,2.5
1,2020-01-01 00:23:50,2020-01-01 00:38:12,1,2.8,1,N,234,141,1,12.0,3.0,0.5,3.15,0.0,0.3,18.95,2.5
1,2020-01-01 00:59:55,2020-01-01 01:14:21,1,2.0,1,N,43,262,2,11.0,3.0,0.5,0.0,0.0,0.3,14.8,2.5
2,2020-01-01 00:46:10,2020-01-01 01:09:35,1,10.91,4,N,132,265,1,45.5,0.5,0.5,9.36,0.0,0.3,56.16,0.0
1,2020-01-01 00:16:35,2020-01-01 00:28:36,1,1.9,1,N,68,144,2,9.5,3.0,0.5,0.0,0.0,0.3,13.3,2.5
1,2020-01-01 00:32:03,2020-01-01 00:43:57,2,2.8,1,N,148,256,1,11.5,3.0,0.5,4.55,0.0,0.3,19.85,2.5
1,2020-01-01 00:51:19,2020-01-01 01:05:10,1,1.5,1,N,256,225,1,10.0,0.5,0.5,2.8,0.0,0.3,14.1,0.0
1,2020-01-01 00:31:48,2020-01-01 01:09:59,1,5.6,1,N,114,239,1,26.0,3.0,0.5,5.95,0.0,0.3,35.75,2.5
2,2020-01-01 00:26:58,2020-01-01 00:38:12,2,1.63,1,N,90,246,1,9.0,0.5,0.5,2.56,0.0,0.3,15.36,2.5
2,2020-01-01 00:42:05,2020-01-01 00:46:30,2,0.36,1,N,48,50,1,4.5,0.5,0.5,1.66,0.0,0.3,9.96,2.5
2,2020-01-01 00:17:34,2020-01-01 00:23:09,4,1.34,1,N,238,151,1,6.5,0.5,0.5,2.58,0.0,0.3,12.88,2.5
2,2020-01-01 00:28:32,2020-01-01 00:45:33,3,3.5,1,N,238,229,1,14.5,0.5,0.5,3.66,0.0,0.3,21.96,2.5
1,2020-01-01 00:15:58,2020-01-01 00:26:37,1,4.3,1,N,132,10,1,14.5,0.5,0.5,3.95,0.0,0.3,19.75,0.0
1,2020-01-01 00:48:50,2020-01-01 00:59:24,2,4.0,1,N,132,218,2,13.5,0.5,0.5,0.0,0.0,0.3,14.8,0.0
1,2020-01-01 00:20:29,2020-01-01 00:49:26,1,1.9,1,N,43,186,2,17.5,3.0,0.5,0.0,0.0,0.3,21.3,2.5
1,2020-01-01 00:53:44,2020-01-01 01:25:18,1,6.1,1,N,90,112,1,24.0,3.0,0.5,5.55,0.0,0.3,33.35,2.5
2,2020-01-01 00:18:15,2020-01-01 00:23:56,1,1.17,1,N,238,41,2,6.0,0.5,0.5,0.0,0.0,0.3,7.3,0.0
2,2020-01-01 00:27:47,2020-01-01 00:37:35,1,1.96,1,N,151,74,2,9.5,0.5,0.5,0.0,0.0,0.3,10.8,0.0
2,2020-01-01 00:42:25,2020-01-01 00:53:34,1,2.36,1,N,41,116,2,10.0,0.5,0.5,0.0,0.0,0.3,11.3,0.0
2,2020-01-01 00:56:15,2020-01-01 01:04:56,1,1.99,1,N,116,166,1,9.0,0.5,0.5,2.06,0.0,0.3,12.36,0.0
2,2020-01-01 00:15:20,2020-01-01 00:29:00,1,3.74,1,N,141,112,1,13.5,0.5,0.5,3.46,0.0,0.3,20.76,2.5
2,2020-01-01 00:30:34,2020-01-01 00:34:24,1,0.65,1,N,112,112,2,4.5,0.5,0.5,0.0,0.0,0.3,5.8,0.0
2,2020-01-01 00:54:05,2020-01-01 00:58:05,1,1.42,1,N,140,263,2,6.0,0.5,0.5,0.0,0.0,0.3,9.8,2.5
2,2020-01-01 00:46:16,2020-01-01 00:49:56,1,0.65,1,N,229,229,2,4.5,0.5,0.5,0.0,0.0,0.3,8.3,2.5
2,2020-01-01 00:52:45,2020-01-01 01:13:18,1,7.05,1,N,229,116,1,22.5,0.5,0.5,6.58,0.0,0.3,32.88,2.5
1,2020-01-01 00:17:10,2020-01-01 00:25:50,2,1.2,1,N,237,229,2,7.5,3.0,0.5,0.0,0.0,0.3,11.3,2.5
1,2020-01-01 00:28:32,2020-01-01 00:39:35,2,3.5,1,N,229,179,2,12.5,3.0,0.5,0.0,0.0,0.3,16.3,2.5
1,2020-01-01 00:33:12,2020-01-01 00:34:20,1,0.5,1,N,263,263,2,3.5,3.0,0.5,0.0,0.0,0.3,7.3,2.5
1,2020-01-01 00:43:24,2020-01-01 00:54:32,1,3.3,1,N,263,193,1,12.0,3.0,0.5,1.0,0.0,0.3,16.8,2.5
2,2020-01-01 00:10:27,2020-01-01 00:24:39,1,1.48,1,N,68,79,1,9.5,0.5,0.5,0.0,0.0,0.3,13.3,2.5
2,2020-01-01 00:29:00,2020-01-01 00:33:45,1,0.46,1,N,79,79,1,5.0,0.5,0.5,0.88,0.0,0.3,9.68,2.5
2,2020-01-01 00:36:06,2020-01-01 00:58:01,1,9.28,1,N,79,42,1,27.0,0.5,0.5,6.16,0.0,0.3,36.96,2.5
1,2020-01-01 00:16:21,2020-01-01 00:32:53,1,2.0,1,N,48,234,1,11.5,3.0,0.5,2.3,0.0,0.3,17.6,2.5
1,2020-01-01 00:40:01,2020-01-01 01:16:16,1,13.6,1,N,234,221,2,40.5,3.0,0.5,0.0,18.36,0.3,62.66,2.5
2,2020-01-01 00:45:19,2020-01-01 01:00:10,6,3.96,1,N,161,74,2,14.5,0.5,0.5,0.0,0.0,0.3,18.3,2.5
2,2020-01-01 00:07:14,2020-01-01 00:37:35,2,18.39,1,N,132,17,1,50.5,0.5,0.5,10.36,0.0,0.3,62.16,0.0
1,2020-01-01 00:12:22,2020-01-01 00:31:19,1,4.3,1,N,141,249,1,15.5,3.0,0.5,3.7,0.0,0.3,23.0,2.5
2,2020-01-01 00:52:06,2020-01-01 01:08:24,5,2.09,1,N,140,142,1,12.0,0.5,0.5,3.16,0.0,0.3,18.96,2.5
2,2020-01-01 00:23:56,2020-01-01 00:52:58,1,1.85,1,N,43,164,2,17.5,0.5,0.5,0.0,0.0,0.3,21.3,2.5
2,2020-01-01 00:53:54,2020-01-01 01:05:15,1,1.23,1,N,164,107,1,8.5,0.5,0.5,3.08,0.0,0.3,15.38,2.5
1,2020-01-01 00:16:18,2020-01-01 00:22:46,1,1.1,1,N,162,237,2,6.5,3.0,0.5,0.0,0.0,0.3,10.3,2.5
1,2020-01-01 00:47:39,2020-01-01 01:01:11,1,1.5,1,N,161,141,1,10.0,3.0,0.5,4.1,0.0,0.3,17.9,2.5
1,2020-01-01 00:49:48,2020-01-01 01:35:07,2,11.4,1,N,50,255,1,39.5,3.0,0.5,8.65,0.0,0.3,51.95,2.5
2,2020-01-01 00:31:28,2020-01-01 00:45:27,1,2.34,1,N,239,229,1,11.0,0.5,0.5,2.96,0.0,0.3,17.76,2.5
2,2020-01-01 00:47:58,2020-01-01 01:02:59,1,2.44,1,N,229,236,2,12.0,0.5,0.5,0.0,0.0,0.3,15.8,2.5
1,2020-01-01 00:16:15,2020-01-01 00:26:07,1,3.2,1,N,148,87,1,12.0,3.0,0.5,3.15,0.0,0.3,18.95,2.5
1,2020-01-01 00:30:26,2020-01-01 00:38:30,1,1.7,1,N,87,261,2,8.0,3.0,0.5,0.0,0.0,0.3,11.8,2.5
1,2020-01-01 00:41:15,2020-01-01 01:27:28,1,14.9,1,N,231,127,1,47.5,3.0,0.5,5.0,0.0,0.3,56.3,2.5
1,2020-01-01 00:23:57,2020-01-01 00:35:07,1,1.4,1,N,68,246,2,9.0,3.0,0.5,0.0,0.0,0.3,12.8,2.5
1,2020-01-01 00:52:29,2020-01-01 00:55:46,1,0.3,1,N,68,90,3,4.0,3.0,0.5,0.0,0.0,0.3,7.8,2.5
2,2020-01-01 00:28:02,2020-01-01 00:31:58,1,1.2,1,N,236,237,1,5.5,0.5,0.5,1.86,0.0,0.3,11.16,2.5
2,2020-01-01 00:33:50,2020-01-01 00:48:54,1,6.44,1,N,237,87,1,20.0,0.5,0.5,4.76,0.0,0.3,28.56,2.5
2,2020-01-01 00:50:19,2020-01-01 01:05:46,1,6.15,1,N,87,162,1,19.5,0.5,0.5,4.66,0.0,0.3,27.96,2.5
2,2020-01-01 00:22:06,2020-01-01 00:26:40,2,0.4,1,N,48,246,2,4.5,0.5,0.5,0.0,0.0,0.3,8.3,2.5
2,2020-01-01 00:40:09,2020-01-01 00:51:20,1,1.89,1,N,50,239,1,9.5,0.5,0.5,2.66,0.0,0.3,15.96,2.5
2,2020-01-01 00:54:17,2020-01-01 01:27:05,1,3.02,1,N,238,68,2,21.0,0.5,0.5,0.0,0.0,0.3,24.8,2.5
2,2020-01-01 00:14:26,2020-01-01 00:51:55,1,3.21,1,N,48,237,1,22.5,0.5,0.5,5.26,0.0,0.3,31.56,2.5
2,2020-01-01 00:53:10,2020-01-01 00:57:56,1,0.83,1,N,237,263,1,5.5,0.5,0.5,1.0,0.0,0.3,10.3,2.5
2,2020-01-01 00:18:19,2020-01-01 00:29:31,1,2.36,1,N,236,43,1,10.5,0.5,0.5,3.58,0.0,0.3,17.88,2.5
2,2020-01-01 00:30:27,2020-01-01 00:35:37,1,1.08,1,N,43,43,1,6.0,0.5,0.5,1.96,0.0,0.3,11.76,2.5
2,2020-01-01 00:37:14,2020-01-01 00:41:38,1,0.74,1,N,43,238,1,5.5,0.5,0.5,1.86,0.0,0.3,11.16,2.5
2,2020-01-01 00:47:00,2020-01-01 00:52:12,1,1.22,1,N,43,41,1,6.5,0.5,0.5,2.06,0.0,0.3,12.36,2.5
2,2020-01-01 00:57:38,2020-01-01 01:20:23,1,6.34,1,N,151,7,1,21.0,0.5,0.5,2.0,0.0,0.3,26.8,2.5
2,2020-01-01 00:33:49,2020-01-01 00:49:52,2,1.3,1,N,107,68,1,11.0,0.5,0.5,2.96,0.0,0.3,17.76,2.5
2,2020-01-01 00:03:49,2020-01-01 00:12:02,1,1.54,1,N,238,236,2,8.0,0.5,0.5,0.0,0.0,0.3,11.8,2.5
2,2020-01-01 00:36:19,2020-01-01 00:49:47,1,1.34,1,N,161,170,1,9.5,0.5,0.5,1.0,0.0,0.3,14.3,2.5
2,2020-01-01 00:54:59,2020-01-01 01:07:57,1,0.78,1,N,107,90,2,9.0,0.5,0.5,0.0,0.0,0.3,12.8,2.5
2,2020-01-01 00:57:36,2020-01-01 01:01:40,1,0.6,1,N,79,79,1,4.5,0.5,0.5,1.66,0.0,0.3,9.96,2.5
2,2020-01-01 00:22:44,2020-01-01 00:46:01,1,3.53,1,N,249,237,1,16.5,0.5,0.5,5.08,0.0,0.3,25.38,2.5
2,2020-01-01 00:47:43,2020-01-01 01:10:44,1,6.53,1,N,237,231,1,22.5,0.5,0.5,5.26,0.0,0.3,31.56,2.5
1,2020-01-01 00:37:44,2020-01-01 00:58:21,1,4.1,1,N,237,231,1,16.0,3.0,0.5,3.95,0.0,0.3,23.75,2.5
1,2020-01-01 00:59:14,2020-01-01 01:13:00,1,2.7,1,N,231,68,1,12.0,3.0,0.5,3.15,0.0,0.3,18.95,2.5
2,2020-01-01 00:57:13,2020-01-01 00:58:05,1,0.11,1,N,260,260,3,-2.5,-0.5,-0.5,0.0,0.0,-0.3,-3.8,0.0
2,2020-01-01 00:57:13,2020-01-01 00:58:05,1,0.11,1,N,260,260,2,2.5,0.5,0.5,0.0,0.0,0.3,3.8,0.0
2,2020-01-01 00:27:21,2020-01-01 00:41:36,1,2.62,1,N,43,107,2,11.0,0.5,0.5,0.0,0.0,0.3,14.8,2.5
2,2020-01-01 00:25:18,2020-01-01 00:32:19,1,0.68,1,N,162,234,2,6.0,0.5,0.5,0.0,0.0,0.3,9.8,2.5
2,2020-01-01 00:44:37,2020-01-01 01:00:58,1,1.49,1,N,234,114,1,11.5,0.5,0.5,3.06,0.0,0.3,18.36,2.5
2,2020-01-01 00:23:30,2020-01-01 00:41:40,1,4.41,1,N,263,246,1,17.0,0.5,0.5,4.16,0.0,0.3,24.96,2.5
2,2020-01-01 00:21:11,2020-01-01 00:44:16,1,5.1,1,N,140,7,1,18.5,0.5,0.5,4.46,0.0,0.3,26.76,2.5
2,2020-01-01 00:33:24,2020-01-01 00:43:44,1,3.02,1,N,79,209,1,11.0,0.5,0.5,2.96,0.0,0.3,17.76,2.5
2,2020-01-01 00:06:44,2020-01-01 00:20:57,1,1.83,1,N,114,164,2,11.0,0.5,0.5,0.0,0.0,0.3,14.8,2.5
2,2020-01-01 00:25:31,2020-01-01 00:45:25,1,4.67,1,N,164,209,1,19.0,0.5,0.5,5.7,0.0,0.3,28.5,2.5
2,2020-01-01 00:50:33,2020-01-01 01:01:22,1,3.74,1,N,87,79,1,13.0,0.5,0.5,3.36,0.0,0.3,20.16,2.5
2,2020-01-01 00:10:31,2020-01-01 00:16:00,3,0.97,1,N,151,239,1,6.0,0.5,0.5,1.96,0.0,0.3,11.76,2.5
2,2020-01-01 00:16:49,2020-01-01 00:21:20,2,0.95,1,N,239,143,1,5.5,0.5,0.5,4.0,0.0,0.3,13.3,2.5
2,2020-01-01 00:30:03,2020-01-01 00:37:29,2,1.5,1,N,239,236,1,7.5,0.5,0.5,2.26,0.0,0.3,13.56,2.5
2,2020-01-01 00:38:14,2020-01-01 00:50:56,3,3.89,1,N,237,224,1,14.0,0.5,0.5,4.45,0.0,0.3,22.25,2.5
2,2020-01-01 00:57:10,2020-01-01 01:05:24,1,1.71,1,N,224,162,2,8.0,0.5,0.5,0.0,0.0,0.3,11.8,2.5
2,2020-01-01 00:36:30,2020-01-01 01:09:34,1,19.19,2,N,264,264,1,52.0,0.0,0.5,13.82,0.0,0.3,69.12,2.5
2,2020-01-01 00:06:36,2020-01-01 00:16:05,2,1.28,1,N,79,170,1,8.0,0.5,0.5,2.36,0.0,0.3,14.16,2.5
2,2020-01-01 00:29:39,2020-01-01 00:45:31,2,2.75,1,N,113,229,2,12.5,0.5,0.5,0.0,0.0,0.3,16.3,2.5
2,2020-01-01 00:46:29,2020-01-01 00:51:52,1,1.4,1,N,229,229,1,6.5,0.5,0.5,2.0,0.0,0.3,12.3,2.5
2,2020-01-01 00:38:58,2020-01-01 00:51:12,2,3.62,1,N,17,148,1,13.0,0.5,0.5,3.36,0.0,0.3,20.16,2.5
2,2020-01-01 00:56:29,2020-01-01 00:59:27,1,0.54,1,N,79,232,1,4.0,0.5,0.5,1.56,0.0,0.3,9.36,2.5
1,2020-01-01 00:13:45,2020-01-01 00:41:21,1,3.8,1,N,231,50,1,19.0,3.0,0.5,4.55,0.0,0.3,27.35,2.5
1,2020-01-01 00:55:15,2020-01-01 00:59:13,1,0.6,1,N,50,246,1,5.0,3.0,0.5,2.6,0.0,0.3,11.4,2.5
2,2020-01-01 00:19:36,2020-01-01 00:21:09,1,0.54,1,N,239,238,2,3.5,0.5,0.5,0.0,0.0,0.3,7.3,2.5
2,2020-01-01 00:24:22,2020-01-01 00:25:54,1,0.56,1,N,238,239,1,3.5,0.5,0.5,1.7,0.0,0.3,9.0,2.5
2,2020-01-01 00:27:23,2020-01-01 00:43:58,1,4.06,1,N,239,137,2,14.5,0.5,0.5,0.0,0.0,0.3,18.3,2.5
2,2020-01-01 00:45:37,2020-01-01 01:05:57,1,3.76,1,N,137,262,1,15.0,0.5,0.5,2.25,0.0,0.3,21.05,2.5
2,2020-01-01 00:21:24,2020-01-01 00:24:36,1,0.53,1,N,113,114,1,4.5,0.5,0.5,0.75,0.0,0.3,9.05,2.5
2,2020-01-01 00:28:33,2020-01-01 01:04:02,1,4.25,1,N,144,48,2,23.0,0.5,0.5,0.0,0.0,0.3,26.8,2.5
1,2020-01-01 00:19:34,2020-01-01 00:30:38,1,0.8,1,N,87,87,2,8.5,3.0,0.5,0.0,0.0,0.3,12.3,2.5
1,2020-01-01 00:42:02,2020-01-01 00:56:13,1,2.7,1,N,87,249,1,12.0,3.0,0.5,3.15,0.0,0.3,18.95,2.5
1,2020-01-01 00:58:05,2020-01-01 01:08:56,1,1.7,1,N,249,148,2,9.0,3.0,0.5,0.0,0.0,0.3,12.8,2.5
1,2020-01-01 00:12:24,2020-01-01 00:17:10,0,1.4,1,N,236,237,1,6.0,3.5,0.5,2.05,0.0,0.3,12.35,2.5
1,2020-01-01 00:20:50,2020-01-01 00:36:29,0,1.1,1,N,141,161,1,10.5,3.5,0.5,0.2,0.0,0.3,15.0,2.5
1,2020-01-01 00:39:00,2020-01-01 00:46:47,0,0.8,1,N,161,233,1,6.5,3.5,0.5,0.5,0.0,0.3,11.3,2.5
1,2020-01-01 00:48:50,2020-01-01 01:01:32,0,2.3,1,N,233,90,1,10.0,3.5,0.5,2.85,0.0,0.3,17.15,2.5
1,2020-01-01 00:06:06,2020-01-01 00:10:45,1,0.9,1,N,237,263,1,5.5,3.0,0.5,1.85,0.0,0.3,11.15,2.5
1,2020-01-01 00:11:54,2020-01-01 00:17:17,2,1.0,1,N,263,141,1,5.5,3.0,0.5,1.85,0.0,0.3,11.15,2.5
1,2020-01-01 00:24:59,2020-01-01 00:32:42,1,0.8,1,N,237,140,1,6.5,3.0,0.5,1.03,0.0,0.3,11.33,2.5
1,2020-01-01 00:40:06,2020-01-01 00:43:51,1,0.5,1,N,141,262,1,4.5,3.0,0.5,0.0,0.0,0.3,8.3,2.5
1,2020-01-01 00:49:56,2020-01-01 01:18:17,1,4.4,1,N,262,68,1,20.5,3.0,0.5,4.85,0.0,0.3,29.15,2.5
2,2020-01-01 00:26:47,2020-01-01 00:37:51,1,1.53,1,N,234,233,1,9.0,0.5,0.5,2.56,0.0,0.3,15.36,2.5
2,2020-01-01 00:41:53,2020-01-01 00:47:02,2,0.34,1,N,170,170,1,5.0,0.5,0.5,1.76,0.0,0.3,10.56,2.5
2,2020-01-01 00:53:13,2020-01-01 01:04:57,2,1.77,1,N,164,68,2,9.5,0.5,0.5,0.0,0.0,0.3,13.3,2.5
2,2020-01-01 00:43:35,2020-01-01 00:54:56,1,0.99,1,N,229,170,1,8.5,0.5,0.5,1.0,0.0,0.3,13.3,2.5
2,2020-01-01 00:42:00,2020-01-01 00:58:45,1,3.07,1,N,238,116,2,13.5,0.5,0.5,0.0,0.0,0.3,14.8,0.0
2,2020-01-01 00:30:18,2020-01-01 01:01:03,1,23.47,1,N,132,195,1,61.5,0.5,0.5,12.56,0.0,0.3,75.36,0.0
2,2020-01-01 00:19:06,2020-01-01 00:25:28,2,0.84,1,N,114,144,1,6.0,0.5,0.5,1.47,0.0,0.3,11.27,2.5
2,2020-01-01 00:29:17,2020-01-01 00:42:44,1,1.67,1,N,114,79,2,9.5,0.5,0.5,0.0,0.0,0.3,13.3,2.5
2,2020-01-01 00:43:40,2020-01-01 00:58:16,1,2.68,1,N,79,229,1,11.0,0.5,0.5,2.96,0.0,0.3,17.76,2.5
1,2020-01-01 00:37:09,2020-01-01 00:40:31,0,0.2,1,N,48,50,1,4.0,3.0,0.5,0.0,0.0,0.3,7.8,2.5
1,2020-01-01 00:49:26,2020-01-01 01:31:05,2,10.1,1,N,48,18,2,37.0,3.0,0.5,0.0,0.0,0.3,40.8,2.5
1,2020-01-01 00:50:25,2020-01-01 01:06:09,3,4.8,1,N,232,263,1,16.5,3.0,0.5,4.05,0.0,0.3,24.35,2.5
2,2020-01-01 00:31:57,2020-01-01 00:48:23,1,3.77,1,N,162,238,2,14.0,0.5,0.5,0.0,0.0,0.3,17.8,2.5
2,2020-01-01 00:55:53,2020-01-01 01:06:42,1,1.65,1,N,238,142,2,9.0,0.5,0.5,0.0,0.0,0.3,12.8,2.5
2,2020-01-01 00:38:38,2020-01-01 00:43:17,1,0.44,1,N,90,249,1,4.5,0.5,0.5,1.49,0.0,0.3,9.79,2.5
2,2020-01-01 00:44:53,2020-01-01 01:08:14,1,2.43,1,N,249,48,1,15.0,0.5,0.5,4.7,0.0,0.3,23.5,2.5
2,2020-01-01 00:30:31,2020-01-01 01:44:14,1,8.92,1,N,170,238,2,38.0,0.5,0.5,0.0,0.0,0.3,41.8,2.5
1,2020-01-01 00:41:13,2020-01-01 00:52:29,2,1.9,1,N,148,170,1,9.5,3.0,0.5,0.0,0.0,0.3,13.3,2.5
2,2020-01-01 00:10:56,2020-01-01 00:23:33,1,6.57,1,N,138,168,1,19.0,0.5,0.5,10.0,6.12,0.3,36.42,0.0
2,2020-01-01 00:41:24,2020-01-01 00:50:55,1,2.41,1,N,263,233,1,9.5,0.5,0.5,2.66,0.0,0.3,15.96,2.5
2,2020-01-01 00:26:50,2020-01-01 00:40:12,1,5.31,1,N,87,229,2,17.0,0.5,0.5,0.0,0.0,0.3,20.8,2.5
2,2020-01-01 00:45:07,2020-01-01 00:49:59,1,1.0,1,N,229,141,1,5.5,0.5,0.5,1.5,0.0,0.3,10.8,2.5
1,2020-01-01 00:46:55,2020-01-01 01:00:20,2,0.5,1,N,161,229,2,9.0,3.0,0.5,0.0,0.0,0.3,12.8,2.5
2,2020-01-01 00:00:14,2020-01-01 00:15:46,1,7.25,1,N,79,168,2,21.5,0.5,0.5,0.0,0.0,0.3,25.3,2.5
2,2020-01-01 00:35:51,2020-01-01 00:38:07,1,0.61,1,N,141,263,1,4.0,0.5,0.5,2.0,0.0,0.3,9.8,2.5
2,2020-01-01 00:42:03,2020-01-01 00:50:42,1,1.31,1,N,141,236,1,7.5,0.5,0.5,3.39,0.0,0.3,14.69,2.5
2,2020-01-01 00:56:20,2020-01-01 00:59:09,1,0.62,1,N,236,237,1,4.0,0.5,0.5,1.56,0.0,0.3,9.36,2.5
1,2020-01-01 00:41:25,2020-01-01 01:03:46,2,4.3,1,N,181,232,1,18.0,3.0,0.5,4.35,0.0,0.3,26.15,2.5
2,2020-01-01 00:15:21,2020-01-01 00:19:07,2,0.71,1,N,148,79,1,4.5,0.5,0.5,2.49,0.0,0.3,10.79,2.5
2,2020-01-01 00:23:24,2020-01-01 00:32:10,1,2.23,1,N,79,229,1,9.0,0.5,0.5,2.56,0.0,0.3,15.36,2.5
2,2020-01-01 00:54:16,2020-01-01 01:05:46,1,1.3,1,N,107,158,1,8.5,0.5,0.5,2.46,0.0,0.3,14.76,2.5
1,2020-01-01 00:26:43,2020-01-01 00:41:33,2,1.2,1,N,239,48,1,10.5,3.0,0.5,2.85,0.0,0.3,17.15,2.5
1,2020-01-01 00:47:20,2020-01-01 01:21:21,1,2.7,1,N,48,113,1,20.5,3.0,0.5,7.25,0.0,0.3,31.55,2.5
1,2020-01-01 00:12:42,2020-01-01 00:32:40,1,7.1,1,N,162,147,2,22.0,3.0,0.5,0.0,0.0,0.3,25.8,2.5
1,2020-01-01 00:30:37,2020-01-01 00:32:38,1,0.4,1,N,151,151,2,3.5,0.5,0.5,0.0,0.0,0.3,4.8,0.0
1,2020-01-01 00:39:09,2020-01-01 00:48:11,1,1.1,1,N,41,74,1,7.5,0.5,0.5,2.2,0.0,0.3,11.0,0.0
1,2020-01-01 00:58:34,2020-01-01 01:17:20,1,4.8,1,N,41,233,1,17.5,3.0,0.5,5.3,0.0,0.3,26.6,2.5
1,2020-01-01 00:35:13,2020-01-01 00:58:50,1,5.7,1,N,161,87,2,21.5,3.0,0.5,0.0,0.0,0.3,25.3,2.5
2,2020-01-01 00:33:46,2020-01-01 01:12:20,1,4.17,1,N,79,50,1,24.5,0.5,0.5,5.66,0.0,0.3,33.96,2.5
2,2020-01-01 00:51:14,2020-01-01 01:26:42,1,1.92,1,N,142,68,1,21.0,0.5,0.5,7.44,0.0,0.3,32.24,2.5
2,2020-01-01 00:31:19,2020-01-01 00:39:26,4,1.01,1,N,170,161,2,7.0,0.5,0.5,0.0,0.0,0.3,10.8,2.5
2,2020-01-01 00:47:13,2020-01-01 00:54:52,6,1.77,1,N,161,140,1,7.5,0.5,0.5,2.26,0.0,0.3,13.56,2.5
2,2020-01-01 00:58:35,2020-01-01 01:02:04,4,0.73,1,N,140,140,1,4.5,0.5,0.5,1.66,0.0,0.3,9.96,2.5
1,2020-01-01 00:38:19,2020-01-01 00:45:58,3,1.3,1,N,237,141,1,7.5,3.0,0.5,3.0,0.0,0.3,14.3,2.5
1,2020-01-01 00:55:27,2020-01-01 01:09:35,2,0.8,1,N,237,161,2,9.5,3.0,0.5,0.0,0.0,0.3,13.3,2.5
2,2020-01-01 00:11:31,2020-01-01 00:15:34,2,0.6,1,N,68,68,1,4.5,0.5,0.5,1.66,0.0,0.3,9.96,2.5
2,2020-01-01 00:32:20,2020-01-01 00:44:34,2,0.38,1,N,249,45,2,8.5,0.5,0.5,0.0,0.0,0.3,12.3,2.5
1,2020-01-01 00:14:04,2020-01-01 00:40:02,2,3.3,1,N,231,170,2,17.0,3.0,0.5,0.0,0.0,0.3,20.8,2.5
1,2020-01-01 00:41:20,2020-01-01 00:44:37,1,0.5,1,N,170,137,1,4.0,3.0,0.5,2.3,0.0,0.3,10.1,2.5
1,2020-01-01 00:49:50,2020-01-01 01:17:05,2,4.7,1,N,137,255,1,20.5,3.0,0.5,1.22,0.0,0.3,25.52,2.5
1,2020-01-01 00:18:42,2020-01-01 00:26:15,2,1.2,1,N,68,107,1,7.0,3.0,0.5,2.16,0.0,0.3,12.96,2.5
1,2020-01-01 00:49:15,2020-01-01 00:51:43,1,0.4,1,Y,137,107,1,4.0,3.0,0.5,1.55,0.0,0.3,9.35,2.5
1,2020-01-01 00:55:56,2020-01-01 01:15:07,2,3.5,1,N,79,255,1,16.0,3.0,0.5,3.0,0.0,0.3,22.8,2.5
1,2020-01-01 00:14:46,2020-01-01 00:47:23,1,5.6,1,N,113,238,1,24.0,3.0,0.5,3.0,0.0,0.3,30.8,2.5
1,2020-01-01 00:53:36,2020-01-01 01:09:47,1,1.9,1,N,238,141,2,12.0,3.0,0.5,0.0,0.0,0.3,15.8,2.5
2,2020-01-01 00:17:57,2020-01-01 00:54:31,2,4.39,1,N,234,238,1,24.0,0.5,0.5,3.0,0.0,0.3,30.8,2.5
1,2020-01-01 00:36:37,2020-01-01 00:44:02,1,1.7,1,N,231,90,1,8.0,3.0,0.5,2.12,0.0,0.3,13.92,2.5
1,2020-01-01 00:54:48,2020-01-01 01:14:28,1,1.7,1,N,164,142,1,13.0,3.0,0.5,3.36,0.0,0.3,20.16,2.5
2,2020-01-01 00:38:08,2020-01-01 00:53:52,1,3.36,1,N,144,255,1,14.0,0.5,0.5,3.56,0.0,0.3,21.36,2.5
1,2020-01-01 00:31:06,2020-01-01 01:04:57,1,0.0,1,N,166,211,1,26.2,0.0,0.5,0.0,0.0,0.3,27.0,0.0
1,2020-01-01 00:10:28,2020-01-01 00:25:45,2,2.0,1,N,161,68,1,11.0,3.0,0.5,2.95,0.0,0.3,17.75,2.5
1,2020-01-01 00:31:05,2020-01-01 00:51:40,2,1.0,1,N,246,68,1,13.0,3.0,0.5,4.2,0.0,0.3,21.0,2.5
1,2020-01-01 00:58:55,2020-01-01 01:29:16,1,2.7,1,N,90,163,1,18.5,3.0,0.5,2.0,0.0,0.3,24.3,2.5
2,2020-01-01 00:28:25,2020-01-01 00:31:01,3,0.47,1,N,90,68,1,4.0,0.5,0.5,2.34,0.0,0.3,10.14,2.5
2,2020-01-01 00:32:03,2020-01-01 00:48:59,3,3.19,1,N,246,231,1,14.0,0.5,0.5,5.34,0.0,0.3,23.14,2.5
2,2020-01-01 00:50:31,2020-01-01 00:57:24,3,0.81,1,N,209,148,1,6.0,0.5,0.5,1.96,0.0,0.3,11.76,2.5
2,2020-01-01 00:58:14,2020-01-01 01:07:16,3,1.55,1,N,148,87,1,8.0,0.5,0.5,2.36,0.0,0.3,14.16,2.5
1,2020-01-01 00:24:37,2020-01-01 00:45:38,1,3.5,1,N,43,48,1,16.5,3.0,0.5,4.05,0.0,0.3,24.35,2.5
1,2020-01-01 00:46:26,2020-01-01 01:25:41,1,11.8,1,N,48,67,1,38.0,3.0,0.5,9.55,6.12,0.3,57.47,2.5
2,2020-01-01 00:12:59,2020-01-01 00:33:03,3,4.13,1,N,239,170,2,16.0,0.5,0.5,0.0,0.0,0.3,19.8,2.5
2,2020-01-01 00:35:58,2020-01-01 00:46:55,1,2.26,1,N,170,263,1,10.0,0.5,0.5,2.76,0.0,0.3,16.56,2.5
2,2020-01-01 00:57:35,2020-01-01 01:20:41,3,2.25,1,N,237,50,1,15.0,0.5,0.5,3.76,0.0,0.3,22.56,2.5
2,2020-01-01 00:03:30,2020-01-01 00:15:17,4,1.72,1,N,114,158,1,9.5,0.5,0.5,2.66,0.0,0.3,15.96,2.5
2,2020-01-01 00:33:41,2020-01-01 00:37:24,1,0.36,1,N,107,234,1,4.0,0.5,0.5,2.34,0.0,0.3,10.14,2.5
2,2020-01-01 00:47:39,2020-01-01 01:15:04,2,7.7,1,N,107,106,1,26.5,0.5,0.5,9.09,0.0,0.3,39.39,2.5
2,2020-01-01 00:12:04,2020-01-01 00:28:09,1,3.01,1,N,142,236,1,14.0,0.5,0.5,5.34,0.0,0.3,23.14,2.5
2,2020-01-01 00:37:30,2020-01-01 00:43:10,1,1.02,1,N,239,142,2,6.5,0.5,0.5,0.0,0.0,0.3,10.3,2.5
2,2020-01-01 00:44:18,2020-01-01 00:55:49,3,1.74,1,N,142,229,1,9.0,0.5,0.5,3.2,0.0,0.3,16.0,2.5
2,2020-01-01 00:33:28,2020-01-01 00:38:30,4,1.42,1,N,229,140,1,6.5,0.5,0.5,2.06,0.0,0.3,12.36,2.5
2,2020-01-01 00:40:50,2020-01-01 00:52:03,3,4.65,1,N,262,4,1,15.0,0.5,0.5,1.0,0.0,0.3,19.8,2.5
2,2020-01-01 00:55:08,2020-01-01 01:17:51,5,5.7,1,N,79,75,1,20.0,0.5,0.5,4.76,0.0,0.3,28.56,2.5
2,2020-01-01 00:07:41,2020-01-01 00:10:23,1,0.65,1,N,140,262,2,4.5,0.5,0.5,0.0,0.0,0.3,8.3,2.5
2,2020-01-01 00:18:48,2020-01-01 00:38:14,1,2.96,1,N,262,143,1,14.5,0.5,0.5,4.58,0.0,0.3,22.88,2.5
2,2020-01-01 00:44:53,2020-01-01 00:51:24,1,2.05,1,N,142,24,1,8.0,0.5,0.5,2.36,0.0,0.3,14.16,2.5
2,2020-01-01 00:57:08,2020-01-01 01:01:33,1,0.83,1,N,151,238,2,5.5,0.5,0.5,0.0,0.0,0.3,9.3,2.5
2,2020-01-01 00:24:29,2020-01-01 00:47:32,1,11.12,1,N,233,89,2,32.5,0.5,0.5,0.0,0.0,0.3,36.3,2.5
2,2020-01-01 00:36:53,2020-01-01 00:53:05,1,1.95,1,N,234,48,1,11.5,0.5,0.5,4.0,0.0,0.3,19.3,2.5
1,2020-01-01 00:20:19,2020-01-01 00:29:09,2,0.5,1,N,161,161,2,7.0,3.0,0.5,0.0,0.0,0.3,10.8,2.5
1,2020-01-01 00:32:54,2020-01-01 00:36:49,2,0.4,1,N,162,229,1,4.5,3.0,0.5,1.25,0.0,0.3,9.55,2.5
2,2020-01-01 00:11:55,2020-01-01 00:23:54,4,0.87,1,N,48,186,2,8.5,0.5,0.5,0.0,0.0,0.3,12.3,2.5
2,2020-01-01 00:38:01,2020-01-01 00:56:10,1,2.46,1,N,164,144,1,13.0,0.5,0.5,3.36,0.0,0.3,20.16,2.5
2,2020-01-01 00:57:28,2020-01-01 01:08:32,1,1.42,1,N,144,79,1,8.5,0.5,0.5,2.46,0.0,0.3,14.76,2.5
1,2020-01-01 00:12:20,2020-01-01 00:25:43,2,1.8,1,N,161,43,1,10.5,3.0,0.5,2.85,0.0,0.3,17.15,2.5
1,2020-01-01 00:28:10,2020-01-01 00:36:58,2,1.5,1,N,43,262,2,8.0,3.0,0.5,0.0,0.0,0.3,11.8,2.5
1,2020-01-01 00:41:58,2020-01-01 00:45:07,3,0.8,1,N,263,141,2,4.5,3.0,0.5,0.0,0.0,0.3,8.3,2.5
1,2020-01-01 00:48:06,2020-01-01 00:52:12,2,0.7,1,N,236,263,1,5.0,3.0,0.5,1.75,0.0,0.3,10.55,2.5
1,2020-01-01 00:58:45,2020-01-01 01:22:12,2,5.4,1,N,263,249,1,20.5,3.0,0.5,7.25,0.0,0.3,31.55,2.5
2,2020-01-01 00:18:58,2020-01-01 00:39:24,1,1.65,1,N,114,164,2,13.5,0.5,0.5,0.0,0.0,0.3,17.3,2.5
2,2020-01-01 00:52:48,2020-01-01 01:08:42,1,2.09,1,N,164,144,2,11.5,0.5,0.5,0.0,0.0,0.3,15.3,2.5
1,2020-01-01 00:20:34,2020-01-01 00:51:04,3,2.9,1,N,237,68,2,19.5,3.0,0.5,0.0,0.0,0.3,23.3,2.5
1,2020-01-01 00:58:55,2020-01-01 01:16:44,1,2.4,1,N,68,142,1,13.0,3.0,0.5,3.35,0.0,0.3,20.15,2.5
2,2020-01-01 00:13:20,2020-01-01 00:16:40,1,0.93,1,N,137,79,1,5.0,0.5,0.5,1.76,0.0,0.3,10.56,2.5
2,2020-01-01 00:19:20,2020-01-01 00:29:28,1,1.05,1,N,79,114,2,7.5,0.5,0.5,0.0,0.0,0.3,11.3,2.5
2,2020-01-01 00:40:54,2020-01-01 00:52:38,1,1.66,1,N,113,137,1,9.0,0.5,0.5,2.56,0.0,0.3,15.36,2.5
2,2020-01-01 00:54:18,2020-01-01 00:59:26,1,0.67,1,N,233,170,1,5.5,0.5,0.5,1.86,0.0,0.3,11.16,2.5
2,2020-01-01 00:48:18,2020-01-01 00:59:22,1,1.56,1,N,79,68,1,9.0,0.5,0.5,2.0,0.0,0.3,14.8,2.5
2,2020-01-01 00:15:39,2020-01-01 00:21:18,1,1.28,1,N,263,141,1,6.0,0.5,0.5,1.96,0.0,0.3,11.76,2.5
2,2020-01-01 00:51:07,2020-01-01 01:05:42,1,1.82,1,N,249,231,1,10.0,0.5,0.5,2.76,0.0,0.3,16.56,2.5
2,2020-01-01 00:18:46,2020-01-01 00:24:54,1,2.04,1,N,43,142,1,7.5,0.5,0.5,2.82,0.0,0.3,14.12,2.5
2,2020-01-01 00:26:03,2020-01-01 00:30:36,1,0.86,1,N,142,239,1,5.5,0.5,0.5,1.86,0.0,0.3,11.16,2.5
2,2020-01-01 00:31:31,2020-01-01 01:04:02,1,4.53,1,N,239,107,2,21.5,0.5,0.5,0.0,0.0,0.3,25.3,2.5
1,2020-01-01 00:22:14,2020-01-01 00:34:53,0,0.9,1,N,43,161,1,9.0,3.0,0.5,2.55,0.0,0.3,15.35,2.5
2,2020-01-01 00:20:00,2020-01-01 00:28:05,2,1.02,1,N,170,234,1,7.0,0.5,0.5,2.7,0.0,0.3,13.5,2.5
2,2020-01-01 00:33:06,2020-01-01 00:46:07,2,1.1,1,N,234,164,1,9.0,0.5,0.5,0.64,0.0,0.3,13.44,2.5
2,2020-01-01 00:55:20,2020-01-01 01:14:56,2,1.55,1,N,186,50,1,12.5,0.5,0.5,2.0,0.0,0.3,18.3,2.5
2,2020-01-01 00:23:23,2020-01-01 01:01:13,2,5.03,1,N,161,42,1,25.5,0.5,0.5,7.33,0.0,0.3,36.63,2.5
1,2020-01-01 00:17:49,2020-01-01 00:24:15,1,0.9,1,N,114,144,1,6.0,3.0,0.5,1.95,0.0,0.3,11.75,2.5
1,2020-01-01 00:31:07,2020-01-01 00:39:07,1,1.4,1,N,114,231,1,7.0,3.0,0.5,1.0,0.0,0.3,11.8,2.5
1,2020-01-01 00:39:39,2020-01-01 00:58:21,2,3.0,1,N,231,68,1,14.5,3.0,0.5,5.0,0.0,0.3,23.3,2.5
1,2020-01-01 00:59:30,2020-01-01 01:44:51,2,7.0,1,N,186,181,1,31.5,3.0,0.5,8.25,6.12,0.3,49.67,2.5
1,2020-01-01 00:43:49,2020-01-01 01:04:04,1,1.6,1,N,170,90,1,13.0,3.0,0.5,3.35,0.0,0.3,20.15,2.5
1,2020-01-01 00:13:28,2020-01-01 00:27:43,1,3.3,1,N,249,87,1,13.0,3.0,0.5,1.2,0.0,0.3,18.0,2.5
1,2020-01-01 00:34:33,2020-01-01 00:41:56,1,3.3,1,N,209,224,1,11.0,3.0,0.5,4.4,0.0,0.3,19.2,2.5
1,2020-01-01 00:53:39,2020-01-01 01:16:57,1,2.2,1,N,79,232,1,15.0,3.0,0.5,3.75,0.0,0.3,22.55,2.5
1,2020-01-01 00:37:22,2020-01-01 00:41:08,2,1.0,1,N,229,141,1,5.0,3.0,0.5,1.32,0.0,0.3,10.12,2.5
1,2020-01-01 00:46:15,2020-01-01 01:09:28,4,2.9,1,N,237,137,2,15.5,3.0,0.5,0.0,0.0,0.3,19.3,2.5
2,2020-01-01 00:14:42,2020-01-01 00:23:07,4,1.61,1,N,142,239,1,8.0,0.5,0.5,2.95,0.0,0.3,14.75,2.5
2,2020-01-01 00:25:34,2020-01-01 00:31:49,3,1.08,1,N,239,142,1,6.0,0.5,0.5,2.45,0.0,0.3,12.25,2.5
2,2020-01-01 00:35:29,2020-01-01 00:58:02,3,4.19,1,N,142,158,2,17.0,0.5,0.5,0.0,0.0,0.3,20.8,2.5
2,2020-01-01 00:13:48,2020-01-01 00:21:18,1,1.55,1,N,79,231,1,7.5,0.5,0.5,2.26,0.0,0.3,13.56,2.5
2,2020-01-01 00:26:42,2020-01-01 00:37:51,1,2.09,1,N,231,79,1,10.0,0.5,0.5,3.45,0.0,0.3,17.25,2.5
2,2020-01-01 00:39:10,2020-01-01 00:54:33,1,3.33,1,N,79,256,1,14.0,0.5,0.5,3.56,0.0,0.3,21.36,2.5
2,2020-01-01 00:29:11,2020-01-01 01:03:36,1,9.88,1,N,239,33,1,33.5,0.5,0.5,7.46,0.0,0.3,44.76,2.5
2,2020-01-01 00:26:19,2020-01-01 00:27:49,1,0.2,1,N,161,163,2,3.0,0.5,0.5,0.0,0.0,0.3,6.8,2.5
2,2020-01-01 00:32:23,2020-01-01 00:56:45,1,3.71,1,N,43,148,1,17.5,0.5,0.5,4.26,0.0,0.3,25.56,2.5
1,2020-01-01 00:57:05,2020-01-01 01:12:08,1,2.6,1,N,237,107,1,12.0,3.0,0.5,3.15,0.0,0.3,18.95,2.5
2,2020-01-01 00:34:33,2020-01-01 00:44:49,1,2.48,1,N,42,236,1,10.5,0.5,0.5,1.5,0.0,0.3,15.8,2.5
2,2020-01-01 00:27:01,2020-01-01 00:33:54,1,1.4,1,N,113,231,2,6.5,0.5,0.5,0.0,0.0,0.3,10.3,2.5
2,2020-01-01 00:35:48,2020-01-01 00:56:11,1,5.39,1,N,231,80,1,18.5,0.5,0.5,4.46,0.0,0.3,26.76,2.5
2,2020-01-01 00:18:25,2020-01-01 00:22:04,1,1.02,1,N,238,166,2,5.0,0.5,0.5,0.0,0.0,0.3,8.8,2.5
2,2020-01-01 00:26:40,2020-01-01 00:31:42,2,1.73,1,N,151,143,1,7.0,0.5,0.5,2.16,0.0,0.3,12.96,2.5
2,2020-01-01 00:33:18,2020-01-01 00:37:13,1,1.05,1,N,143,238,1,5.5,0.5,0.5,0.7,0.0,0.3,10.0,2.5
2,2020-01-01 00:40:41,2020-01-01 00:52:43,2,1.85,1,N,238,75,1,10.0,0.5,0.5,0.7,0.0,0.3,12.0,0.0
1,2020-01-01 00:21:56,2020-01-01 00:28:24,1,1.9,1,N,162,236,1,7.5,3.0,0.5,3.5,0.0,0.3,14.8,2.5
1,2020-01-01 00:35:34,2020-01-01 00:41:13,4,1.2,1,N,237,229,2,6.5,3.0,0.5,0.0,0.0,0.3,10.3,2.5
1,2020-01-01 00:48:21,2020-01-01 01:21:50,4,3.0,1,N,229,48,2,20.5,3.0,0.5,0.0,0.0,0.3,24.3,2.5
2,2020-01-01 00:53:29,2020-01-01 01:11:22,1,8.88,1,N,132,95,1,26.0,0.5,0.5,4.02,0.0,0.3,31.32,0.0
2,2020-01-01 00:21:56,2020-01-01 00:25:13,1,0.68,1,N,263,236,1,4.5,0.5,0.5,1.88,0.0,0.3,10.18,2.5
2,2020-01-01 00:33:05,2020-01-01 00:43:34,1,1.78,1,N,263,238,2,9.5,0.5,0.5,0.0,0.0,0.3,13.3,2.5
2,2020-01-01 00:46:46,2020-01-01 00:49:17,1,0.62,1,N,238,239,1,4.5,0.5,0.5,1.0,0.0,0.3,9.3,2.5
2,2020-01-01 00:50:32,2020-01-01 00:57:06,1,1.6,1,N,239,236,2,7.5,0.5,0.5,0.0,0.0,0.3,11.3,2.5
2,2020-01-01 00:06:35,2020-01-01 00:12:09,1,1.53,1,N,237,229,1,7.0,0.5,0.5,10.8,0.0,0.3,21.6,2.5
2,2020-01-01 00:18:29,2020-01-01 00:25:59,1,1.3,1,N,229,164,2,7.0,0.5,0.5,0.0,0.0,0.3,10.8,2.5
2,2020-01-01 00:43:46,2020-01-01 01:08:45,1,2.51,1,N,163,90,2,16.5,0.5,0.5,0.0,0.0,0.3,20.3,2.5
1,2020-01-01 00:10:42,2020-01-01 00:14:47,1,0.8,1,N,262,236,2,5.0,3.0,0.5,0.0,0.0,0.3,8.8,2.5
1,2020-01-01 00:17:05,2020-01-01 00:26:06,0,1.8,1,N,236,239,2,8.5,3.0,0.5,0.0,0.0,0.3,12.3,2.5
1,2020-01-01 00:26:49,2020-01-01 00:30:13,1,0.3,1,N,239,239,1,4.0,3.0,0.5,1.56,0.0,0.3,9.36,2.5
1,2020-01-01 00:31:24,2020-01-01 00:38:10,0,1.2,1,N,239,236,1,7.0,3.0,0.5,2.15,0.0,0.3,12.95,2.5
1,2020-01-01 00:42:58,2020-01-01 00:56:06,1,2.7,1,N,237,137,2,11.0,3.0,0.5,0.0,0.0,0.3,14.8,2.5
2,2020-01-01 00:14:51,2020-01-01 00:18:30,1,0.72,1,N,239,238,1,5.0,0.5,0.5,1.76,0.0,0.3,10.56,2.5
2,2020-01-01 00:22:37,2020-01-01 00:32:57,1,6.37,1,N,151,243,2,19.0,0.5,0.5,0.0,0.0,0.3,20.3,0.0
2,2020-01-01 00:55:30,2020-01-01 01:07:21,1,2.46,1,N,238,141,1,10.5,0.5,0.5,2.86,0.0,0.3,17.16,2.5
2,2020-01-01 00:38:57,2020-01-01 01:04:13,1,6.84,1,N,157,107,2,23.5,0.5,0.5,0.0,0.0,0.3,27.3,2.5
2,2020-01-01 00:31:38,2020-01-01 00:40:44,1,1.61,1,N,116,41,2,8.5,0.5,0.5,0.0,0.0,0.3,9.8,0.0
2,2020-01-01 00:42:46,2020-01-01 01:08:29,1,6.77,1,N,41,79,1,24.0,0.5,0.5,8.34,0.0,0.3,36.14,2.5
1,2020-01-01 00:17:36,2020-01-01 00:28:34,2,3.2,1,N,262,166,1,11.0,3.0,0.5,3.7,0.0,0.3,18.5,2.5
1,2020-01-01 00:32:27,2020-01-01 00:40:55,3,1.3,1,N,166,238,1,8.0,3.0,0.5,2.36,0.0,0.3,14.16,2.5
1,2020-01-01 00:49:07,2020-01-01 00:58:34,1,1.7,1,N,238,263,2,8.5,3.0,0.5,0.0,0.0,0.3,12.3,2.5
1,2020-01-01 00:16:09,2020-01-01 00:51:16,1,1.6,1,Y,48,186,2,20.0,3.0,0.5,0.0,0.0,0.3,23.8,2.5
2,2020-01-01 00:25:47,2020-01-01 00:52:59,1,7.37,1,N,137,129,2,24.5,0.5,0.5,0.0,0.0,0.3,28.3,2.5
1,2020-01-01 00:10:12,2020-01-01 00:17:50,1,0.8,1,N,90,246,1,6.5,3.0,0.5,0.8,0.0,0.3,11.1,2.5
1,2020-01-01 00:32:02,2020-01-01 01:02:05,2,3.0,1,N,107,50,2,19.0,3.0,0.5,0.0,0.0,0.3,22.8,2.5
1,2020-01-01 00:42:21,2020-01-01 00:47:25,0,1.3,1,N,237,236,1,6.0,3.0,0.5,1.5,0.0,0.3,11.3,2.5
1,2020-01-01 00:50:58,2020-01-01 00:52:11,0,0.3,1,N,236,236,1,3.0,3.0,0.5,1.02,0.0,0.3,7.82,2.5
1,2020-01-01 00:28:12,2020-01-01 00:52:45,1,2.8,1,N,148,68,1,16.5,3.0,0.5,4.05,0.0,0.3,24.35,2.5
1,2020-01-01 00:03:28,2020-01-01 00:07:29,1,1.2,1,N,238,166,2,5.5,3.0,0.5,0.0,0.0,0.3,9.3,2.5
1,2020-01-01 00:17:53,2020-01-01 00:22:47,1,0.8,1,Y,238,239,1,5.5,3.0,0.5,1.85,0.0,0.3,11.15,2.5
1,2020-01-01 00:26:32,2020-01-01 00:30:14,1,0.6,1,N,239,239,1,5.0,3.0,0.5,0.88,0.0,0.3,9.68,2.5
1,2020-01-01 00:39:12,2020-01-01 00:52:10,1,6.2,1,N,239,243,1,19.0,3.0,0.5,15.0,0.0,0.3,37.8,2.5
2,2020-01-01 00:20:34,2020-01-01 00:28:35,1,1.21,1,N,236,140,1,7.5,0.5,0.5,1.0,0.0,0.3,12.3,2.5
2,2020-01-01 00:42:43,2020-01-01 01:06:32,1,7.09,1,N,161,138,2,24.0,0.5,0.5,0.0,0.0,0.3,27.8,2.5
1,2020-01-01 00:16:28,2020-01-01 00:20:32,1,0.6,1,N,79,79,1,5.0,3.0,0.5,1.75,0.0,0.3,10.55,2.5
1,2020-01-01 00:28:36,2020-01-01 00:46:21,1,4.3,1,N,79,262,1,16.0,3.0,0.5,4.95,0.0,0.3,24.75,2.5
2,2020-01-01 00:25:37,2020-01-01 00:29:50,1,0.78,1,N,113,144,1,5.0,0.5,0.5,4.0,0.0,0.3,12.8,2.5
2,2020-01-01 00:33:58,2020-01-01 00:42:32,1,1.23,1,N,79,90,1,7.5,0.5,0.5,1.13,0.0,0.3,12.43,2.5
2,2020-01-01 00:20:46,2020-01-01 00:31:33,2,2.11,1,N,43,41,1,10.0,0.5,0.5,2.76,0.0,0.3,16.56,2.5
2,2020-01-01 00:32:57,2020-01-01 00:37:43,1,0.63,1,N,41,151,2,5.0,0.5,0.5,0.0,0.0,0.3,6.3,0.0
2,2020-01-01 00:38:30,2020-01-01 01:08:56,1,2.54,1,N,238,48,1,20.0,0.5,0.5,0.0,0.0,0.3,23.8,2.5
2,2020-01-01 00:07:24,2020-01-01 00:11:12,1,0.65,1,N,263,263,2,5.0,0.5,0.5,0.0,0.0,0.3,8.8,2.5
2,2020-01-01 00:12:44,2020-01-01 00:18:45,1,1.41,1,N,263,140,1,7.0,0.5,0.5,2.16,0.0,0.3,12.96,2.5
2,2020-01-01 00:21:18,2020-01-01 00:23:39,1,0.87,1,N,141,263,1,4.5,0.5,0.5,1.66,0.0,0.3,9.96,2.5
2,2020-01-01 00:25:53,2020-01-01 00:27:06,1,0.5,1,N,263,263,1,3.5,0.5,0.5,1.46,0.0,0.3,8.76,2.5
2,2020-01-01 00:29:44,2020-01-01 00:37:58,1,4.17,1,N,75,107,1,13.0,0.5,0.5,3.36,0.0,0.3,20.16,2.5
2,2020-01-01 00:49:46,2020-01-01 01:06:13,1,2.75,1,N,107,140,1,12.5,0.5,0.5,4.89,0.0,0.3,21.19,2.5
2,2020-01-01 00:17:30,2020-01-01 00:38:29,1,1.72,1,N,79,234,1,13.5,0.5,0.5,2.7,0.0,0.3,20.0,2.5
2,2020-01-01 00:55:25,2020-01-01 01:27:07,1,11.05,1,N,249,22,2,34.5,0.5,0.5,0.0,0.0,0.3,38.3,2.5
1,2020-01-01 00:13:26,2020-01-01 00:22:28,1,1.2,1,N,148,231,1,7.5,3.0,0.5,2.25,0.0,0.3,13.55,2.5
1,2020-01-01 00:27:41,2020-01-01 00:40:37,2,2.0,1,N,231,79,1,10.5,3.0,0.5,2.85,0.0,0.3,17.15,2.5
1,2020-01-01 00:42:43,2020-01-01 00:52:26,2,1.4,1,N,79,234,1,8.0,3.0,0.5,2.36,0.0,0.3,14.16,2.5
1,2020-01-01 00:55:20,2020-01-01 01:05:39,2,1.7,1,N,234,144,1,8.5,3.0,0.5,2.45,0.0,0.3,14.75,2.5
1,2020-01-01 00:13:48,2020-01-01 00:22:34,2,0.9,1,N,79,137,1,7.0,3.0,0.5,2.15,0.0,0.3,12.95,2.5
1,2020-01-01 00:05:43,2020-01-01 00:10:04,1,0.7,1,N,143,48,2,5.0,3.0,0.5,0.0,0.0,0.3,8.8,2.5
1,2020-01-01 00:13:03,2020-01-01 00:19:06,1,0.6,1,N,48,50,2,5.5,3.0,0.5,0.0,0.0,0.3,9.3,2.5
1,2020-01-01 00:41:17,2020-01-01 01:21:52,1,2.5,1,N,48,233,1,23.0,3.0,0.5,4.0,0.0,0.3,30.8,2.5
1,2020-01-01 00:09:43,2020-01-01 00:21:58,2,3.6,1,N,162,7,1,13.0,3.0,0.5,1.0,0.0,0.3,17.8,2.5
1,2020-01-01 00:50:14,2020-01-01 01:03:09,2,1.0,1,N,162,170,1,9.0,3.0,0.5,2.55,0.0,0.3,15.35,2.5
2,2020-01-01 00:42:17,2020-01-01 01:04:51,1,2.92,1,N,68,79,2,15.5,0.5,0.5,0.0,0.0,0.3,19.3,2.5
2,2020-01-01 00:10:50,2020-01-01 00:20:53,4,1.32,1,N,164,162,2,5.5,0.5,0.5,0.0,0.0,0.3,9.3,2.5
2,2020-01-01 00:32:47,2020-01-01 00:38:56,2,0.74,1,N,170,229,1,5.5,0.5,0.5,1.86,0.0,0.3,11.16,2.5
2,2020-01-01 00:40:06,2020-01-01 00:54:25,2,3.48,1,N,229,7,1,13.5,0.5,0.5,3.46,0.0,0.3,20.76,2.5
2,2020-01-01 00:19:41,2020-01-01 00:36:11,1,1.46,1,N,170,161,2,11.5,0.5,0.5,0.0,0.0,0.3,15.3,2.5
2,2020-01-01 00:38:02,2020-01-01 00:51:45,1,3.11,1,N,161,75,1,12.5,0.5,0.5,3.26,0.0,0.3,19.56,2.5
2,2020-01-01 00:57:30,2020-01-01 01:19:12,1,6.54,1,N,263,211,1,22.0,0.5,0.5,0.06,0.0,0.3,25.86,2.5
2,2020-01-01 00:57:14,2020-01-01 01:09:41,1,4.62,1,N,88,170,2,15.5,0.5,0.5,0.0,0.0,0.3,19.3,2.5
1,2020-01-01 00:07:09,2020-01-01 00:18:29,1,1.1,1,N,211,234,1,8.0,3.0,0.5,2.0,0.0,0.3,13.8,2.5
2,2020-01-01 00:22:33,2020-01-01 00:36:07,1,2.21,1,N,237,137,2,11.0,0.5,0.5,0.0,0.0,0.3,14.8,2.5
2,2020-01-01 00:42:54,2020-01-01 00:53:17,1,1.31,1,N,79,90,1,8.0,0.5,0.5,5.08,0.0,0.3,16.88,2.5
2,2020-01-01 00:55:53,2020-01-01 01:05:59,1,0.95,1,N,234,107,1,8.0,0.5,0.5,1.18,0.0,0.3,12.98,2.5
2,2020-01-01 00:12:42,2020-01-01 00:19:03,2,0.87,1,N,239,238,1,6.0,0.5,0.5,1.96,0.0,0.3,11.76,2.5
2,2020-01-01 00:20:21,2020-01-01 00:27:05,2,0.99,1,N,238,142,1,6.5,0.5,0.5,1.5,0.0,0.3,11.8,2.5
2,2020-01-01 00:28:26,2020-01-01 00:44:26,2,2.74,1,N,43,137,1,12.0,0.5,0.5,3.16,0.0,0.3,18.96,2.5
1,2020-01-01 00:15:32,2020-01-01 00:26:40,1,1.7,1,N,239,141,1,9.5,3.0,0.5,2.65,0.0,0.3,15.95,2.5
1,2020-01-01 00:28:52,2020-01-01 00:31:28,1,0.5,1,N,262,262,1,4.0,3.0,0.5,1.55,0.0,0.3,9.35,2.5
1,2020-01-01 00:33:37,2020-01-01 00:39:13,4,1.0,1,N,262,236,1,6.0,3.0,0.5,1.0,0.0,0.3,10.8,2.5
1,2020-01-01 00:42:47,2020-01-01 00:52:39,2,2.0,1,N,43,24,1,9.0,3.0,0.5,2.0,0.0,0.3,14.8,2.5
1,2020-01-01 00:54:45,2020-01-01 01:08:59,1,2.3,1,N,166,116,1,11.5,0.5,0.5,2.55,0.0,0.3,15.35,0.0
2,2020-01-01 00:08:51,2020-01-01 00:14:00,1,0.7,1,N,164,170,1,5.0,0.5,0.5,1.76,0.0,0.3,10.56,2.5
2,2020-01-01 00:27:01,2020-01-01 00:49:04,1,3.64,1,N,164,87,2,16.0,0.5,0.5,0.0,0.0,0.3,19.8,2.5
2,2020-01-01 00:49:54,2020-01-01 01:04:04,1,4.03,1,N,87,107,1,15.0,0.5,0.5,3.76,0.0,0.3,22.56,2.5
1,2020-01-01 00:23:10,2020-01-01 00:29:58,1,1.4,1,N,43,43,1,7.0,3.0,0.5,2.15,0.0,0.3,12.95,2.5
1,2020-01-01 00:43:02,2020-01-01 00:59:51,4,4.2,1,N,239,116,1,15.0,3.0,0.5,4.7,0.0,0.3,23.5,2.5
2,2020-01-01 00:37:22,2020-01-01 01:10:21,2,5.33,1,N,211,48,1,24.5,0.5,0.5,4.0,0.0,0.3,32.3,2.5
1,2020-01-01 00:44:35,2020-01-01 01:16:02,1,0.0,1,N,17,108,1,39.2,0.0,0.5,0.0,0.0,0.3,40.0,0.0
2,2020-01-01 00:22:42,2020-01-01 00:29:21,1,1.29,1,N,142,50,1,7.0,0.5,0.5,2.16,0.0,0.3,12.96,2.5
2,2020-01-01 00:38:34,2020-01-01 00:56:55,1,4.49,1,N,48,151,2,17.0,0.5,0.5,0.0,0.0,0.3,20.8,2.5
1,2020-01-01 00:02:57,2020-01-01 00:35:52,2,17.2,2,N,132,68,1,52.0,2.5,0.5,18.4,6.12,0.3,79.82,2.5
1,2020-01-01 00:23:27,2020-01-01 00:31:55,2,1.6,1,N,163,140,1,8.0,3.0,0.5,2.35,0.0,0.3,14.15,2.5
1,2020-01-01 00:34:30,2020-01-01 00:49:49,2,2.7,1,N,140,142,1,12.5,3.0,0.5,4.05,0.0,0.3,20.35,2.5
1,2020-01-01 00:53:01,2020-01-01 00:58:47,0,1.0,1,N,142,142,2,6.0,3.0,0.5,0.0,0.0,0.3,9.8,2.5
1,2020-01-01 00:59:41,2020-01-01 01:21:32,1,3.1,1,N,142,233,2,15.5,3.0,0.5,0.0,0.0,0.3,19.3,2.5
1,2020-01-01 00:06:36,2020-01-01 00:10:32,1,0.7,1,N,79,79,1,4.5,3.0,0.5,1.65,0.0,0.3,9.95,2.5
1,2020-01-01 00:23:16,2020-01-01 01:01:30,1,4.5,1,N,113,142,1,23.5,3.0,0.5,6.8,0.0,0.3,34.1,2.5
2,2020-01-01 00:07:15,2020-01-01 00:13:01,2,1.44,1,N,209,148,1,7.0,0.5,0.5,2.0,0.0,0.3,12.8,2.5
2,2020-01-01 00:14:46,2020-01-01 00:22:00,2,1.17,1,N,148,114,1,6.5,0.5,0.5,1.24,0.0,0.3,11.54,2.5
2,2020-01-01 00:23:40,2020-01-01 00:29:20,2,0.64,1,N,113,234,1,5.5,0.5,0.5,1.4,0.0,0.3,10.7,2.5
2,2020-01-01 00:31:22,2020-01-01 00:51:34,2,2.16,1,N,90,79,1,13.5,0.5,0.5,3.0,0.0,0.3,20.3,2.5
2,2020-01-01 00:53:28,2020-01-01 01:13:20,1,6.56,1,N,79,229,1,21.0,0.5,0.5,4.96,0.0,0.3,29.76,2.5
2,2020-01-01 00:10:11,2020-01-01 00:16:01,2,2.51,1,N,137,262,1,8.5,0.5,0.5,3.69,0.0,0.3,15.99,2.5
2,2020-01-01 00:28:14,2020-01-01 00:31:26,2,0.85,1,N,236,75,1,5.0,0.5,0.5,0.97,0.0,0.3,9.77,2.5
2,2020-01-01 00:35:34,2020-01-01 00:40:23,2,1.73,1,N,236,141,1,7.0,0.5,0.5,2.0,0.0,0.3,12.8,2.5
2,2020-01-01 00:44:55,2020-01-01 01:04:09,2,3.05,1,N,237,186,1,14.0,0.5,0.5,3.56,0.0,0.3,21.36,2.5
1,2020-01-01 00:08:26,2020-01-01 00:41:34,1,8.2,1,N,236,173,2,28.0,3.0,0.5,0.0,0.0,0.3,31.8,2.5
1,2020-01-01 00:47:49,2020-01-01 00:54:00,1,0.9,1,N,129,82,2,6.0,0.5,0.5,0.0,0.0,0.3,7.3,0.0
2,2020-01-01 00:36:31,2020-01-01 00:37:23,3,0.18,1,N,141,141,3,-3.0,-0.5,-0.5,0.0,0.0,-0.3,-6.8,-2.5
2,2020-01-01 00:36:31,2020-01-01 00:37:23,3,0.18,1,N,141,141,2,3.0,0.5,0.5,0.0,0.0,0.3,6.8,2.5
1,2020-01-01 00:14:12,2020-01-01 00:17:00,1,0.6,1,N,170,233,3,4.0,3.0,0.5,0.0,0.0,0.3,7.8,2.5
1,2020-01-01 00:19:03,2020-01-01 00:30:45,1,1.6,1,N,233,100,1,9.5,3.0,0.5,2.0,0.0,0.3,15.3,2.5
1,2020-01-01 00:39:21,2020-01-01 01:06:54,1,3.8,1,N,246,238,1,19.5,3.0,0.5,5.8,0.0,0.3,29.1,2.5
2,2020-01-01 00:06:22,2020-01-01 00:22:44,1,1.22,1,N,79,114,2,10.0,0.5,0.5,0.0,0.0,0.3,13.8,2.5
2,2020-01-01 00:26:15,2020-01-01 00:28:42,1,0.46,1,N,114,234,2,4.0,0.5,0.5,0.0,0.0,0.3,7.8,2.5
2,2020-01-01 00:48:34,2020-01-01 00:53:17,1,0.83,1,N,234,114,2,5.5,0.5,0.5,0.0,0.0,0.3,9.3,2.5
2,2020-01-01 00:54:29,2020-01-01 01:02:30,1,1.51,1,N,79,90,1,7.5,0.5,0.5,2.26,0.0,0.3,13.56,2.5
2,2020-01-01 00:45:50,2020-01-01 01:08:37,2,2.63,1,N,229,143,1,15.0,0.5,0.5,3.38,0.0,0.3,22.18,2.5
2,2020-01-01 00:23:15,2020-01-01 00:23:54,2,0.09,1,N,114,114,3,-2.5,-0.5,-0.5,0.0,0.0,-0.3,-6.3,-2.5
2,2020-01-01 00:23:15,2020-01-01 00:23:54,2,0.09,1,N,114,114,2,2.5,0.5,0.5,0.0,0.0,0.3,6.3,2.5
2,2020-01-01 00:33:17,2020-01-01 00:47:49,2,1.7,1,N,114,4,1,10.5,0.5,0.5,2.86,0.0,0.3,17.16,2.5
2,2020-01-01 00:52:30,2020-01-01 01:04:20,2,1.63,1,N,4,137,1,9.0,0.5,0.5,2.56,0.0,0.3,15.36,2.5
1,2020-01-01 00:10:41,2020-01-01 00:44:01,2,4.4,1,N,125,237,1,22.0,3.0,0.5,5.15,0.0,0.3,30.95,2.5
2,2020-01-01 00:12:21,2020-01-01 00:38:02,1,3.0,1,N,68,48,2,15.5,0.5,0.5,0.0,0.0,0.3,19.3,2.5
2,2020-01-01 00:39:09,2020-01-01 00:44:52,1,1.18,1,N,239,238,1,6.5,0.5,0.5,2.06,0.0,0.3,12.36,2.5
2,2020-01-01 00:49:43,2020-01-01 01:09:42,3,5.82,1,N,151,137,2,20.0,0.5,0.5,0.0,0.0,0.3,23.8,2.5
2,2020-01-01 00:34:24,2020-01-01 01:19:17,5,4.22,1,N,246,236,1,27.5,0.5,0.5,6.26,0.0,0.3,37.56,2.5
1,2020-01-01 00:14:21,2020-01-01 00:25:24,2,3.6,1,N,138,92,2,13.0,0.5,0.5,0.0,0.0,0.3,14.3,0.0
1,2020-01-01 00:39:23,2020-01-01 01:29:31,2,22.8,1,N,138,260,1,66.5,0.5,0.5,2.22,0.0,0.3,70.02,0.0
2,2020-01-01 00:16:46,2020-01-01 00:26:12,1,1.91,1,N,48,238,2,9.0,0.5,0.5,0.0,0.0,0.3,12.8,2.5
2,2020-01-01 00:27:01,2020-01-01 00:30:16,1,1.07,1,N,238,24,1,5.0,0.5,0.5,1.76,0.0,0.3,10.56,2.5
2,2020-01-01 00:33:28,2020-01-01 00:41:39,1,2.71,1,N,24,142,2,9.5,0.5,0.5,0.0,0.0,0.3,13.3,2.5
2,2020-01-01 00:43:37,2020-01-01 00:50:52,1,1.64,1,N,43,43,2,8.0,0.5,0.5,0.0,0.0,0.3,11.8,2.5
2,2020-01-01 00:55:49,2020-01-01 01:00:40,1,1.05,1,N,239,238,1,6.0,0.5,0.5,1.96,0.0,0.3,11.76,2.5
1,2020-01-01 00:24:43,2020-01-01 00:30:03,1,1.6,1,N,236,229,1,6.5,3.0,0.5,2.06,0.0,0.3,12.36,2.5
1,2020-01-01 00:38:16,2020-01-01 00:49:11,3,1.6,1,N,236,239,1,9.0,3.0,0.5,3.8,0.0,0.3,16.6,2.5
1,2020-01-01 00:54:45,2020-01-01 01:10:46,1,3.3,1,N,239,229,1,13.5,3.0,0.5,3.0,0.0,0.3,20.3,2.5
2,2020-01-01 00:39:50,2020-01-01 00:54:37,1,2.17,1,N,107,125,1,11.0,0.5,0.5,1.0,0.0,0.3,15.8,2.5
1,2020-01-01 00:27:00,2020-01-01 00:55:42,2,3.7,1,N,249,142,1,18.5,3.0,0.5,5.55,0.0,0.3,27.85,2.5
1,2020-01-01 00:58:15,2020-01-01 01:17:32,1,4.4,1,N,143,244,1,16.5,3.0,0.5,4.05,0.0,0.3,24.35,2.5
1,2020-01-01 00:31:32,2020-01-01 00:31:45,1,0.0,2,N,236,43,3,52.0,2.5,0.5,0.0,0.0,0.3,55.3,2.5
1,2020-01-01 00:32:10,2020-01-01 00:38:40,2,1.6,1,N,43,142,1,7.5,3.0,0.5,1.2,0.0,0.3,12.5,2.5
1,2020-01-01 00:41:55,2020-01-01 00:43:05,1,0.4,1,N,143,239,2,3.5,3.0,0.5,0.0,0.0,0.3,7.3,2.5
1,2020-01-01 00:44:13,2020-01-01 00:47:29,0,1.0,1,N,239,238,1,5.0,3.0,0.5,0.88,0.0,0.3,9.68,2.5
1,2020-01-01 00:54:22,2020-01-01 01:21:52,2,5.1,1,N,239,224,1,21.0,3.0,0.5,4.95,0.0,0.3,29.75,2.5
2,2020-01-01 00:06:12,2020-01-01 00:32:44,1,4.8,1,N,229,24,1,20.5,0.5,0.5,7.29,0.0,0.3,31.59,2.5
2,2020-01-01 00:43:43,2020-01-01 00:47:56,1,0.67,1,N,238,238,2,5.0,0.5,0.5,0.0,0.0,0.3,8.8,2.5
2,2020-01-01 00:49:45,2020-01-01 00:54:12,1,0.86,1,N,238,239,1,5.5,0.5,0.5,1.86,0.0,0.3,11.16,2.5
2,2020-01-01 00:56:05,2020-01-01 01:05:58,1,2.26,1,N,239,75,1,10.0,0.5,0.5,2.76,0.0,0.3,16.56,2.5
1,2020-01-01 00:04:25,2020-01-01 00:26:53,1,17.1,2,N,132,170,1,52.0,2.5,0.5,12.25,6.12,0.3,73.67,2.5
1,2020-01-01 00:37:01,2020-01-01 00:48:11,1,2.7,1,N,229,238,1,11.0,3.0,0.5,3.7,0.0,0.3,18.5,2.5
1,2020-01-01 00:50:35,2020-01-01 00:55:38,3,0.6,1,N,238,43,1,5.5,3.0,0.5,1.85,0.0,0.3,11.15,2.5
1,2020-01-01 00:57:16,2020-01-01 01:21:29,2,4.9,1,N,43,249,1,20.0,3.0,0.5,4.75,0.0,0.3,28.55,2.5
1,2020-01-01 00:03:58,2020-01-01 00:21:16,1,2.3,1,N,249,170,1,12.5,3.0,0.5,3.25,0.0,0.3,19.55,2.5
1,2020-01-01 00:33:55,2020-01-01 00:38:39,1,0.5,1,N,107,170,2,5.0,3.0,0.5,0.0,0.0,0.3,8.8,2.5
1,2020-01-01 00:46:12,2020-01-01 00:54:27,1,0.7,1,N,234,170,1,6.5,3.0,0.5,2.05,0.0,0.3,12.35,2.5
2,2020-01-01 00:04:37,2020-01-01 00:22:34,5,3.37,1,N,79,161,1,14.0,0.5,0.5,3.56,0.0,0.3,21.36,2.5
2,2020-01-01 00:24:13,2020-01-01 00:27:36,6,0.43,1,N,161,162,2,4.0,0.5,0.5,0.0,0.0,0.3,7.8,2.5
2,2020-01-01 00:42:03,2020-01-01 01:01:42,6,3.72,1,N,161,43,1,15.5,0.5,0.5,4.82,0.0,0.3,24.12,2.5
1,2020-01-01 00:19:21,2020-01-01 00:26:34,1,0.8,1,N,211,114,2,6.5,3.0,0.5,0.0,0.0,0.3,10.3,2.5
1,2020-01-01 00:28:09,2020-01-01 00:36:56,3,1.3,1,N,114,232,1,8.0,3.0,0.5,2.35,0.0,0.3,14.15,2.5
1,2020-01-01 00:43:13,2020-01-01 00:52:56,1,1.9,1,N,148,209,1,9.0,3.0,0.5,2.56,0.0,0.3,15.36,2.5
1,2020-01-01 00:55:11,2020-01-01 01:05:05,3,2.2,1,N,87,158,1,9.5,3.0,0.5,1.0,0.0,0.3,14.3,2.5
1,2020-01-01 00:07:53,2020-01-01 00:10:12,1,0.6,1,Y,262,140,2,4.0,3.0,0.5,0.0,0.0,0.3,7.8,2.5
1,2020-01-01 00:24:12,2020-01-01 00:32:24,0,1.9,1,N,229,107,1,8.0,3.0,0.5,2.35,0.0,0.3,14.15,2.5
1,2020-01-01 00:35:22,2020-01-01 00:50:02,0,3.9,1,N,137,263,1,14.0,3.0,0.5,3.0,0.0,0.3,20.8,2.5
1,2020-01-01 00:53:38,2020-01-01 01:02:09,1,1.6,1,N,263,229,1,8.0,3.0,0.5,2.35,0.0,0.3,14.15,2.5
2,2020-01-01 00:19:30,2020-01-01 00:33:40,1,1.72,1,N,114,170,1,10.5,0.5,0.5,2.86,0.0,0.3,17.16,2.5
2,2020-01-01 00:41:01,2020-01-01 00:50:36,1,1.14,1,N,170,234,1,7.5,0.5,0.5,2.26,0.0,0.3,13.56,2.5
2,2020-01-01 00:52:05,2020-01-01 01:32:00,1,8.46,1,N,234,112,1,30.0,0.5,0.5,0.0,0.0,0.3,33.8,2.5
2,2020-01-01 00:54:46,2020-01-01 01:06:33,2,1.63,1,N,43,141,2,9.5,0.5,0.5,0.0,0.0,0.3,13.3,2.5
2,2020-01-01 00:27:46,2020-01-01 00:40:19,1,2.35,1,N,170,224,1,10.0,0.5,0.5,3.45,0.0,0.3,17.25,2.5
2,2020-01-01 00:58:08,2020-01-01 01:07:12,1,2.22,1,N,79,229,1,9.0,0.5,0.5,3.2,0.0,0.3,16.0,2.5
2,2020-01-01 00:46:03,2020-01-01 00:53:25,1,1.59,1,N,74,42,1,7.5,0.5,0.5,2.2,0.0,0.3,11.0,0.0
2,2020-01-01 00:13:52,2020-01-01 00:44:18,1,4.99,1,N,113,238,1,21.5,0.5,0.5,7.59,0.0,0.3,32.89,2.5
2,2020-01-01 00:47:54,2020-01-01 00:53:21,1,0.92,1,N,239,151,2,6.0,0.5,0.5,0.0,0.0,0.3,9.8,2.5
2,2020-01-01 00:57:47,2020-01-01 01:02:12,1,0.57,1,N,238,238,1,5.0,0.5,0.5,2.2,0.0,0.3,11.0,2.5
1,2020-01-01 00:35:44,2020-01-01 00:52:41,1,1.9,1,N,237,262,2,12.5,3.0,0.5,0.0,0.0,0.3,16.3,2.5
1,2020-01-01 00:56:42,2020-01-01 01:03:56,1,1.1,1,N,236,43,1,7.0,3.0,0.5,2.16,0.0,0.3,12.96,2.5
2,2020-01-01 00:33:42,2020-01-01 00:38:58,1,0.41,1,N,45,148,1,5.0,0.5,0.5,1.76,0.0,0.3,10.56,2.5
2,2020-01-01 00:08:25,2020-01-01 00:14:30,2,1.22,1,N,238,142,2,6.5,0.5,0.5,0.0,0.0,0.3,10.3,2.5
2,2020-01-01 00:17:40,2020-01-01 00:31:59,3,1.97,1,N,142,246,1,10.5,0.5,0.5,4.29,0.0,0.3,18.59,2.5
2,2020-01-01 00:52:36,2020-01-01 01:09:04,2,3.86,1,N,142,74,1,15.0,0.5,0.5,6.0,0.0,0.3,24.8,2.5
1,2020-01-01 00:32:36,2020-01-01 00:45:17,1,3.0,1,N,232,87,2,12.0,3.0,0.5,0.0,0.0,0.3,15.8,2.5
1,2020-01-01 00:48:19,2020-01-01 01:01:58,1,5.8,1,N,87,141,1,18.0,3.0,0.5,4.0,0.0,0.3,25.8,2.5
2,2020-01-01 00:23:24,2020-01-01 00:35:19,2,1.78,1,N,4,170,1,9.0,0.5,0.5,2.56,0.0,0.3,15.36,2.5
2,2020-01-01 00:41:00,2020-01-01 01:00:20,2,2.01,1,N,234,161,2,13.5,0.5,0.5,0.0,0.0,0.3,17.3,2.5
1,2020-01-01 00:08:36,2020-01-01 00:20:38,1,3.5,1,N,162,226,2,12.5,3.0,0.5,0.0,0.0,0.3,16.3,2.5
1,2020-01-01 00:36:42,2020-01-01 00:44:26,2,1.2,1,N,162,107,2,7.0,3.0,0.5,0.0,0.0,0.3,10.8,2.5
1,2020-01-01 00:47:17,2020-01-01 00:54:11,2,0.9,1,N,107,79,1,6.5,3.0,0.5,2.55,0.0,0.3,12.85,2.5
1,2020-01-01 00:58:32,2020-01-01 01:10:19,1,1.6,1,N,79,211,1,9.5,3.0,0.5,2.65,0.0,0.3,15.95,2.5
1,2020-01-01 00:12:49,2020-01-01 00:38:01,1,5.1,1,N,164,41,1,20.0,3.0,0.5,1.19,0.0,0.3,24.99,2.5
1,2020-01-01 00:51:08,2020-01-01 00:56:56,2,0.9,1,N,237,237,2,6.0,3.0,0.5,0.0,0.0,0.3,9.8,2.5
2,2020-01-01 00:19:02,2020-01-01 00:22:20,2,0.46,1,N,143,239,1,4.0,0.5,0.5,1.56,0.0,0.3,9.36,2.5
2,2020-01-01 00:23:32,2020-01-01 00:42:10,2,4.24,1,N,239,137,1,15.5,0.5,0.5,3.86,0.0,0.3,23.16,2.5
2,2020-01-01 00:50:26,2020-01-01 01:22:33,2,11.35,1,N,79,149,1,34.5,0.5,0.5,0.0,0.0,0.3,38.3,2.5
1,2020-01-01 00:25:20,2020-01-01 00:42:02,4,1.7,1,N,107,161,1,11.5,3.0,0.5,3.05,0.0,0.3,18.35,2.5
1,2020-01-01 00:43:09,2020-01-01 00:48:14,4,0.4,1,N,161,162,1,5.0,3.0,0.5,2.0,0.0,0.3,10.8,2.5
1,2020-01-01 00:57:37,2020-01-01 01:08:12,2,2.3,1,N,161,236,1,10.0,3.0,0.5,2.76,0.0,0.3,16.56,2.5
1,2020-01-01 00:23:04,2020-01-01 00:49:58,2,4.4,1,Y,144,263,1,19.0,3.0,0.5,4.55,0.0,0.3,27.35,2.5
1,2020-01-01 00:54:48,2020-01-01 01:34:20,2,7.7,1,N,263,136,2,28.5,3.0,0.5,0.0,0.0,0.3,32.3,2.5
2,2020-01-01 00:11:33,2020-01-01 00:37:59,1,11.59,1,N,148,244,1,35.0,0.5,0.5,7.76,0.0,0.3,46.56,2.5
2,2020-01-01 00:50:31,2020-01-01 01:05:48,1,3.17,1,N,166,262,2,13.5,0.5,0.5,0.0,0.0,0.3,17.3,2.5
1,2020-01-01 00:13:29,2020-01-01 00:23:53,1,1.9,1,N,142,140,1,9.5,3.0,0.5,3.3,0.0,0.3,16.6,2.5
1,2020-01-01 00:25:38,2020-01-01 00:29:31,1,1.3,1,N,262,229,1,6.0,3.0,0.5,2.45,0.0,0.3,12.25,2.5
1,2020-01-01 00:30:59,2020-01-01 00:37:39,1,1.2,1,N,229,170,2,6.5,3.0,0.5,0.0,0.0,0.3,10.3,2.5
1,2020-01-01 00:46:46,2020-01-01 01:40:47,1,7.0,1,N,90,262,2,36.0,3.0,0.5,0.0,0.0,0.3,39.8,2.5
2,2020-01-01 00:00:54,2020-01-01 00:22:39,1,2.95,1,N,161,144,1,15.5,0.5,0.5,2.9,0.0,0.3,22.2,2.5
2,2020-01-01 00:23:56,2020-01-01 00:33:11,1,1.68,1,N,144,13,1,8.0,0.5,0.5,1.2,0.0,0.3,13.0,2.5
2,2020-01-01 00:34:30,2020-01-01 00:45:17,1,1.56,1,N,13,125,1,8.5,0.5,0.5,1.0,0.0,0.3,13.3,2.5
2,2020-01-01 00:48:17,2020-01-01 00:55:15,1,1.52,1,N,125,90,1,7.5,0.5,0.5,2.26,0.0,0.3,13.56,2.5
2,2020-01-01 00:57:34,2020-01-01 01:24:07,1,3.34,1,N,234,142,1,17.5,0.5,0.5,4.26,0.0,0.3,25.56,2.5
2,2020-01-01 00:07:25,2020-01-01 00:20:41,4,1.86,1,N,79,233,1,10.5,0.5,0.5,2.86,0.0,0.3,17.16,2.5
2,2020-01-01 00:42:22,2020-01-01 00:47:29,4,0.83,1,N,79,79,1,5.5,0.5,0.5,1.86,0.0,0.3,11.16,2.5
2,2020-01-01 00:48:43,2020-01-01 01:09:02,4,5.37,1,N,79,75,1,19.0,0.5,0.5,2.0,0.0,0.3,24.8,2.5
2,2020-01-01 00:10:07,2020-01-01 00:38:35,5,7.85,1,N,148,238,1,27.0,0.5,0.5,6.16,0.0,0.3,36.96,2.5
2,2020-01-01 00:39:42,2020-01-01 00:50:46,5,1.96,1,N,238,142,1,9.5,0.5,0.5,1.0,0.0,0.3,14.3,2.5
2,2020-01-01 00:33:21,2020-01-01 00:53:32,1,2.66,1,N,162,158,2,14.0,0.5,0.5,0.0,0.0,0.3,17.8,2.5
2,2020-01-01 00:54:48,2020-01-01 01:13:17,1,2.72,1,N,158,170,1,13.5,0.5,0.5,1.73,0.0,0.3,19.03,2.5
2,2020-01-01 00:44:48,2020-01-01 01:26:59,1,12.83,1,N,163,18,2,42.5,0.5,0.5,0.0,0.0,0.3,46.3,2.5
2,2020-01-01 00:21:01,2020-01-01 00:43:47,2,6.29,1,N,48,209,1,21.0,0.5,0.5,6.2,0.0,0.3,31.0,2.5
2,2020-01-01 00:48:09,2020-01-01 00:55:32,2,1.27,1,N,87,232,1,7.0,0.5,0.5,2.7,0.0,0.3,13.5,2.5
2,2020-01-01 00:57:13,2020-01-01 01:22:15,2,5.39,1,N,232,90,1,21.5,0.5,0.5,6.33,0.0,0.3,31.63,2.5
1,2020-01-01 00:26:06,2020-01-01 00:31:51,1,0.6,1,N,107,90,1,5.5,3.0,0.5,1.85,0.0,0.3,11.15,2.5
1,2020-01-01 00:39:07,2020-01-01 00:49:46,2,1.7,1,N,113,68,2,9.0,3.0,0.5,0.0,0.0,0.3,12.8,2.5
1,2020-01-01 00:54:14,2020-01-01 01:23:21,1,4.0,1,N,246,232,2,19.5,3.0,0.5,0.0,0.0,0.3,23.3,2.5
1,2020-01-01 00:07:48,2020-01-01 00:15:57,1,1.1,1,N,114,231,1,7.5,3.0,0.5,2.8,0.0,0.3,14.1,2.5
1,2020-01-01 00:18:43,2020-01-01 00:22:53,1,1.0,1,N,231,249,2,5.5,3.0,0.5,0.0,0.0,0.3,9.3,2.5
1,2020-01-01 00:31:59,2020-01-01 00:58:22,2,3.2,1,Y,68,143,1,17.5,3.0,0.5,0.0,0.0,0.3,21.3,2.5
2,2020-01-01 00:21:31,2020-01-01 00:33:28,1,1.57,1,N,237,142,1,9.5,0.5,0.5,2.66,0.0,0.3,15.96,2.5
2,2020-01-01 00:34:40,2020-01-01 00:40:22,1,1.11,1,N,142,239,1,6.0,0.5,0.5,1.96,0.0,0.3,11.76,2.5
2,2020-01-01 00:45:35,2020-01-01 01:45:11,2,37.61,5,N,239,265,2,144.0,0.0,0.5,0.0,10.5,0.3,157.8,2.5
2,2020-01-01 00:09:09,2020-01-01 00:16:23,1,1.08,1,N,237,229,1,6.5,0.5,0.5,2.06,0.0,0.3,12.36,2.5
1,2020-01-01 00:13:08,2020-01-01 00:22:30,0,0.9,1,N,114,211,2,6.5,3.0,0.5,0.0,0.0,0.3,10.3,2.5
1,2020-01-01 00:34:11,2020-01-01 01:00:30,0,3.2,1,N,114,229,2,17.5,3.0,0.5,0.0,0.0,0.3,21.3,2.5
2,2020-01-01 00:31:32,2020-01-01 00:38:47,1,0.91,1,N,163,162,2,6.5,0.5,0.5,0.0,0.0,0.3,10.3,2.5
2,2020-01-01 00:50:17,2020-01-01 01:03:45,1,2.64,1,N,107,140,1,11.0,0.5,0.5,2.0,0.0,0.3,16.8,2.5
2,2019-12-31 23:48:07,2019-12-31 23:53:39,1,0.88,1,N,41,41,2,6.0,0.5,0.5,0.0,0.0,0.3,7.3,0.0
1,2020-01-01 00:47:00,2020-01-01 00:51:01,1,0.8,1,N,229,170,1,5.0,3.0,0.5,1.75,0.0,0.3,10.55,2.5
2,2020-01-01 00:14:49,2020-01-01 00:35:46,1,4.31,1,N,113,97,2,17.0,0.5,0.5,0.0,0.0,0.3,20.8,2.5
2,2020-01-01 00:42:28,2020-01-01 01:10:05,1,13.21,1,N,144,244,1,37.5,0.5,0.5,3.0,0.0,0.3,44.3,2.5
2,2020-01-01 00:30:24,2020-01-01 00:52:49,1,4.28,1,N,234,236,1,17.0,0.5,0.5,4.16,0.0,0.3,24.96,2.5
2,2020-01-01 00:53:41,2020-01-01 00:56:39,1,1.22,1,N,236,237,1,5.5,0.5,0.5,2.32,0.0,0.3,11.62,2.5
2,2020-01-01 00:34:31,2020-01-01 00:38:36,1,0.97,1,N,262,140,1,5.5,0.5,0.5,3.0,0.0,0.3,12.3,2.5
2,2020-01-01 00:43:45,2020-01-01 00:57:15,1,5.95,1,N,262,7,1,18.5,0.5,0.5,3.0,6.12,0.3,31.42,2.5
2,2020-01-01 00:17:29,2020-01-01 00:20:06,2,0.77,1,N,263,140,1,4.5,0.5,0.5,1.66,0.0,0.3,9.96,2.5
2,2020-01-01 00:36:46,2020-01-01 00:53:24,3,2.74,1,N,161,79,1,12.5,0.5,0.5,4.08,0.0,0.3,20.38,2.5
2,2020-01-01 00:57:40,2020-01-01 01:08:14,3,1.33,1,N,79,164,1,8.5,0.5,0.5,2.46,0.0,0.3,14.76,2.5
1,2020-01-01 00:07:43,2020-01-01 00:14:41,1,1.3,1,N,238,143,1,7.0,3.0,0.5,2.15,0.0,0.3,12.95,2.5
1,2020-01-01 00:19:30,2020-01-01 00:32:34,1,2.4,1,N,143,141,1,11.0,3.0,0.5,2.95,0.0,0.3,17.75,2.5
1,2020-01-01 00:46:16,2020-01-01 00:59:01,2,2.1,1,N,262,239,1,10.5,3.0,0.5,2.85,0.0,0.3,17.15,2.5
1,2020-01-01 00:19:05,2020-01-01 00:23:00,4,0.5,1,N,158,125,1,5.0,3.0,0.5,2.0,0.0,0.3,10.8,2.5
1,2020-01-01 00:27:35,2020-01-01 00:48:49,2,4.0,1,N,158,143,1,17.0,3.0,0.5,4.15,0.0,0.3,24.95,2.5
1,2020-01-01 00:52:27,2020-01-01 00:54:36,2,0.3,1,N,239,239,1,3.5,3.0,0.5,1.0,0.0,0.3,8.3,2.5
1,2020-01-01 00:56:21,2020-01-01 01:00:04,1,0.7,1,N,239,238,1,5.0,3.0,0.5,1.0,0.0,0.3,9.8,2.5
1,2020-01-01 00:47:15,2020-01-01 01:15:50,1,5.5,1,N,90,74,2,22.5,3.0,0.5,0.0,0.0,0.3,26.3,2.5
2,2020-01-01 00:46:12,2020-01-01 00:59:20,1,2.2,1,N,114,162,1,10.5,0.5,0.5,2.86,0.0,0.3,17.16,2.5
2,2020-01-01 00:41:37,2020-01-01 00:47:09,1,1.06,1,N,229,170,1,6.0,0.5,0.5,1.96,0.0,0.3,11.76,2.5
1,2020-01-01 00:14:56,2020-01-01 00:21:34,1,1.2,1,N,79,107,1,6.5,3.0,0.5,5.0,0.0,0.3,15.3,2.5
1,2020-01-01 00:24:49,2020-01-01 00:53:36,2,4.4,1,N,107,43,2,20.0,3.0,0.5,0.0,0.0,0.3,23.8,2.5
1,2020-01-01 00:55:27,2020-01-01 01:13:37,1,1.7,1,N,43,161,2,12.0,3.0,0.5,0.0,0.0,0.3,15.8,2.5
2,2020-01-01 00:18:06,2020-01-01 00:36:22,2,2.13,1,N,113,233,1,13.0,0.5,0.5,3.36,0.0,0.3,20.16,2.5
2,2020-01-01 00:37:15,2020-01-01 00:50:04,1,2.39,1,N,233,262,2,11.0,0.5,0.5,0.0,0.0,0.3,14.8,2.5
1,2020-01-01 00:21:51,2020-01-01 00:30:24,1,1.1,1,N,234,224,1,7.5,3.0,0.5,2.25,0.0,0.3,13.55,2.5
1,2020-01-01 00:17:23,2020-01-01 00:41:06,1,5.1,1,N,125,239,1,20.0,3.0,0.5,1.0,0.0,0.3,24.8,2.5
1,2020-01-01 00:42:40,2020-01-01 00:49:37,1,2.1,1,N,239,166,2,8.5,3.0,0.5,0.0,0.0,0.3,12.3,2.5
1,2020-01-01 00:59:16,2020-01-01 01:12:08,1,3.0,1,N,238,42,2,12.0,3.0,0.5,0.0,0.0,0.3,15.8,2.5
2,2020-01-01 00:19:34,2020-01-01 00:33:18,2,4.27,1,N,140,90,1,15.0,0.5,0.5,3.76,0.0,0.3,22.56,2.5
2,2020-01-01 00:42:58,2020-01-01 00:48:36,1,0.67,1,N,249,125,2,5.5,0.5,0.5,0.0,0.0,0.3,9.3,2.5
2,2020-01-01 00:49:58,2020-01-01 01:10:07,1,3.85,1,N,125,229,1,16.0,0.5,0.5,2.97,0.0,0.3,22.77,2.5
1,2020-01-01 00:28:50,2020-01-01 00:42:33,2,3.1,1,N,257,62,1,12.5,0.5,0.5,2.76,0.0,0.3,16.56,0.0
2,2020-01-01 00:24:42,2020-01-01 00:43:18,1,2.97,1,N,144,229,2,13.5,0.5,0.5,0.0,0.0,0.3,17.3,2.5
2,2020-01-01 00:59:08,2020-01-01 01:35:24,1,6.0,1,N,234,42,2,25.5,0.5,0.5,0.0,0.0,0.3,29.3,2.5
2,2020-01-01 00:17:09,2020-01-01 00:19:29,1,0.23,1,N,234,234,1,3.5,0.5,0.5,1.46,0.0,0.3,8.76,2.5
2,2020-01-01 00:24:26,2020-01-01 00:34:53,1,1.54,1,N,234,148,1,8.5,0.5,0.5,3.69,0.0,0.3,15.99,2.5
2,2020-01-01 00:35:51,2020-01-01 00:50:15,1,2.41,1,N,148,158,1,11.5,0.5,0.5,3.06,0.0,0.3,18.36,2.5
2,2020-01-01 00:51:53,2020-01-01 01:07:38,1,2.33,1,N,158,170,1,12.0,0.5,0.5,3.95,0.0,0.3,19.75,2.5
2,2020-01-01 00:14:04,2020-01-01 00:19:24,1,0.67,1,N,164,170,1,5.5,0.5,0.5,1.86,0.0,0.3,11.16,2.5
2,2020-01-01 00:23:50,2020-01-01 00:27:31,1,0.52,1,N,170,164,2,4.5,0.5,0.5,0.0,0.0,0.3,8.3,2.5
2,2020-01-01 00:30:09,2020-01-01 00:42:14,1,2.2,1,N,164,211,1,10.0,0.5,0.5,1.0,0.0,0.3,14.8,2.5
2,2020-01-01 00:44:31,2020-01-01 00:51:19,1,0.8,1,N,211,231,1,6.0,0.5,0.5,2.94,0.0,0.3,12.74,2.5
2,2020-01-01 00:55:49,2020-01-01 01:26:03,1,6.51,1,N,125,198,2,26.0,0.5,0.5,0.0,0.0,0.3,29.8,2.5
2,2020-01-01 00:19:35,2020-01-01 00:28:40,2,1.56,1,N,79,211,1,8.0,0.5,0.5,2.36,0.0,0.3,14.16,2.5
2,2020-01-01 00:32:52,2020-01-01 00:35:48,2,0.46,1,N,211,144,1,4.0,0.5,0.5,1.56,0.0,0.3,9.36,2.5
2,2020-01-01 00:36:33,2020-01-01 00:58:23,1,3.94,1,N,144,189,1,18.5,0.5,0.5,4.46,0.0,0.3,26.76,2.5
2,2020-01-01 00:07:40,2020-01-01 00:15:07,1,1.82,1,N,238,41,2,8.0,0.5,0.5,0.0,0.0,0.3,9.3,0.0
2,2020-01-01 00:26:52,2020-01-01 00:40:11,1,1.99,1,N,142,229,1,10.5,0.5,0.5,2.86,0.0,0.3,17.16,2.5
2,2020-01-01 00:44:36,2020-01-01 00:48:46,2,1.6,1,N,229,262,1,6.5,0.5,0.5,2.06,0.0,0.3,12.36,2.5
1,2020-01-01 00:23:31,2020-01-01 00:34:19,2,3.1,1,N,170,263,1,11.0,3.0,0.5,3.7,0.0,0.3,18.5,2.5
1,2020-01-01 00:43:11,2020-01-01 00:54:02,2,1.8,1,N,237,170,2,9.5,3.0,0.5,0.0,0.0,0.3,13.3,2.5
1,2020-01-01 00:59:53,2020-01-01 01:15:09,2,3.5,1,N,170,239,2,13.5,3.0,0.5,0.0,0.0,0.3,17.3,2.5
1,2020-01-01 00:37:15,2020-01-01 00:59:26,2,2.3,1,N,234,232,1,15.0,3.0,0.5,0.0,0.0,0.3,18.8,2.5
2,2020-01-01 00:08:30,2020-01-01 00:34:02,2,6.4,1,N,249,236,1,23.5,0.5,0.5,5.46,0.0,0.3,32.76,2.5
2,2020-01-01 00:39:25,2020-01-01 01:00:57,3,5.52,1,N,263,68,1,20.0,0.5,0.5,5.95,0.0,0.3,29.75,2.5
2,2020-01-01 00:09:47,2020-01-01 00:13:33,1,1.19,1,N,229,236,2,5.5,0.5,0.5,0.0,0.0,0.3,9.3,2.5
2,2020-01-01 00:15:34,2020-01-01 00:21:29,1,1.23,1,N,237,229,1,6.5,0.5,0.5,10.0,0.0,0.3,20.3,2.5
2,2020-01-01 00:22:49,2020-01-01 00:29:50,1,1.21,1,N,229,237,1,7.0,0.5,0.5,2.16,0.0,0.3,12.96,2.5
2,2020-01-01 00:34:23,2020-01-01 00:57:19,1,4.24,1,N,237,148,1,17.0,0.5,0.5,4.16,0.0,0.3,24.96,2.5
1,2020-01-01 00:37:07,2020-01-01 00:49:52,1,2.0,1,N,170,79,1,10.0,3.0,0.5,2.75,0.0,0.3,16.55,2.5
1,2020-01-01 00:53:33,2020-01-01 01:12:41,1,4.0,1,N,79,262,1,16.0,3.0,0.5,3.95,0.0,0.3,23.75,2.5
2,2020-01-01 00:15:21,2020-01-01 00:21:32,1,1.21,1,N,238,143,1,6.5,0.5,0.5,2.06,0.0,0.3,12.36,2.5
2,2020-01-01 00:40:49,2020-01-01 01:22:56,1,6.49,1,N,48,179,1,30.0,0.5,0.5,8.45,0.0,0.3,42.25,2.5
2,2020-01-01 00:19:48,2020-01-01 00:34:46,1,2.44,1,N,164,148,1,11.5,0.5,0.5,2.0,0.0,0.3,17.3,2.5
2,2020-01-01 00:36:42,2020-01-01 00:45:18,1,1.61,1,N,148,137,1,8.0,0.5,0.5,3.0,0.0,0.3,14.8,2.5
2,2020-01-01 00:54:12,2020-01-01 01:03:55,1,1.85,1,N,107,229,1,8.5,0.5,0.5,2.46,0.0,0.3,14.76,2.5
1,2020-01-01 00:13:36,2020-01-01 00:26:20,2,1.7,1,N,161,234,2,10.0,3.0,0.5,0.0,0.0,0.3,13.8,2.5
1,2020-01-01 00:49:19,2020-01-01 00:54:29,1,0.6,1,N,170,170,1,5.5,3.0,0.5,1.85,0.0,0.3,11.15,2.5
1,2020-01-01 00:57:28,2020-01-01 01:08:00,1,1.5,1,Y,137,161,1,9.0,3.0,0.5,2.55,0.0,0.3,15.35,2.5
2,2020-01-01 00:03:40,2020-01-01 00:10:01,3,0.67,1,N,170,107,1,5.0,0.5,0.5,1.76,0.0,0.3,10.56,2.5
2,2020-01-01 00:46:50,2020-01-01 01:03:57,3,2.14,1,N,234,229,1,12.0,0.5,0.5,3.16,0.0,0.3,18.96,2.5
1,2020-01-01 00:02:25,2020-01-01 00:08:26,1,0.9,1,N,148,79,1,6.0,3.0,0.5,2.0,0.0,0.3,11.8,2.5
1,2020-01-01 00:20:34,2020-01-01 00:42:28,1,4.5,1,N,114,263,1,17.5,3.0,0.5,4.25,0.0,0.3,25.55,2.5
1,2020-01-01 00:46:05,2020-01-01 01:07:21,1,6.4,1,N,263,78,2,21.5,3.0,0.5,0.0,0.0,0.3,25.3,2.5
2,2020-01-01 00:16:11,2020-01-01 00:22:34,2,1.4,1,N,239,141,1,7.0,0.5,0.5,2.16,0.0,0.3,12.96,2.5
2,2020-01-01 00:35:33,2020-01-01 00:43:35,5,1.95,1,N,263,229,1,7.5,0.5,0.5,0.0,0.0,0.3,11.3,2.5
2,2020-01-01 00:22:58,2020-01-01 00:27:02,2,0.82,1,N,236,141,1,5.0,0.5,0.5,2.5,0.0,0.3,11.3,2.5
2,2020-01-01 00:28:41,2020-01-01 00:46:21,1,8.13,1,N,141,261,1,24.0,0.5,0.5,6.95,0.0,0.3,34.75,2.5
2,2020-01-01 00:49:57,2020-01-01 01:08:27,1,3.28,1,N,261,164,2,12.0,0.5,0.5,0.0,0.0,0.3,15.8,2.5
2,2020-01-01 00:23:56,2020-01-01 00:31:13,1,0.99,1,N,158,90,1,6.5,0.5,0.5,2.06,0.0,0.3,12.36,2.5
2,2020-01-01 00:42:53,2020-01-01 00:59:15,1,1.54,1,N,246,50,1,11.0,0.5,0.5,4.44,0.0,0.3,19.24,2.5
2,2020-01-01 00:15:56,2020-01-01 00:49:35,2,6.32,1,N,24,79,1,25.5,0.5,0.5,7.32,0.0,0.3,36.62,2.5
2,2020-01-01 00:53:44,2020-01-01 00:58:29,2,0.74,1,N,107,79,1,5.0,0.5,0.5,1.76,0.0,0.3,10.56,2.5
2,2020-01-01 00:07:51,2020-01-01 00:24:36,1,3.22,1,N,237,79,1,13.0,0.5,0.5,3.36,0.0,0.3,20.16,2.5
2,2020-01-01 00:27:34,2020-01-01 00:41:35,1,3.49,1,N,79,141,1,12.5,0.5,0.5,4.08,0.0,0.3,20.38,2.5
2,2020-01-01 00:56:41,2020-01-01 01:05:49,1,1.7,1,N,229,263,1,8.0,0.5,0.5,1.0,0.0,0.3,12.8,2.5
2,2020-01-01 00:14:43,2020-01-01 00:32:43,1,8.46,1,N,132,95,2,25.5,0.5,0.5,0.0,0.0,0.3,26.8,0.0
2,2020-01-01 00:55:46,2020-01-01 01:03:43,1,1.43,1,N,232,114,1,7.0,0.5,0.5,2.16,0.0,0.3,12.96,2.5
2,2020-01-01 00:18:32,2020-01-01 00:28:43,2,1.56,1,N,48,246,2,8.5,0.5,0.5,0.0,0.0,0.3,12.3,2.5
2,2020-01-01 00:36:09,2020-01-01 00:45:46,2,1.14,1,N,162,237,1,8.0,0.5,0.5,2.36,0.0,0.3,14.16,2.5
2,2020-01-01 00:47:40,2020-01-01 01:11:09,2,8.32,1,N,237,65,1,26.5,0.5,0.5,6.06,0.0,0.3,36.36,2.5
1,2020-01-01 00:32:33,2020-01-01 00:43:08,1,4.1,1,N,138,93,1,13.5,0.5,0.5,4.4,0.0,0.3,19.2,0.0
2,2020-01-01 00:14:33,2020-01-01 00:20:05,1,1.98,1,N,140,74,2,7.5,0.5,0.5,0.0,0.0,0.3,11.3,2.5
2,2020-01-01 00:27:48,2020-01-01 00:45:03,1,3.15,1,N,263,164,1,13.5,0.5,0.5,10.0,0.0,0.3,27.3,2.5
2,2020-01-01 00:48:07,2020-01-01 01:02:51,1,2.79,1,N,234,87,1,12.0,0.5,0.5,3.95,0.0,0.3,19.75,2.5
2,2020-01-01 00:05:23,2020-01-01 00:18:58,1,4.39,1,N,224,43,1,14.5,0.5,0.5,3.66,0.0,0.3,21.96,2.5
2,2020-01-01 00:23:06,2020-01-01 00:27:11,1,0.88,1,N,239,142,2,5.0,0.5,0.5,0.0,0.0,0.3,8.8,2.5
2,2020-01-01 00:35:18,2020-01-01 00:44:01,1,1.67,1,N,142,238,1,8.0,0.5,0.5,1.0,0.0,0.3,12.8,2.5
2,2020-01-01 00:45:19,2020-01-01 00:55:14,1,2.02,1,N,238,142,1,9.0,0.5,0.5,2.56,0.0,0.3,15.36,2.5
2,2020-01-01 00:10:49,2020-01-01 00:22:13,3,2.0,1,N,239,262,1,9.5,0.5,0.5,2.7,0.0,0.3,16.0,2.5
2,2020-01-01 00:27:47,2020-01-01 00:39:33,2,3.39,1,N,262,170,1,12.5,0.5,0.5,0.1,0.0,0.3,16.4,2.5
2,2020-01-01 00:41:26,2020-01-01 00:52:09,2,0.72,1,N,170,100,2,8.0,0.5,0.5,0.0,0.0,0.3,11.8,2.5
2,2020-01-01 00:59:45,2020-01-01 01:14:31,2,3.19,1,N,234,237,1,12.5,0.5,0.5,3.26,0.0,0.3,19.56,2.5
1,2020-01-01 00:47:36,2020-01-01 00:54:11,1,0.7,1,N,170,186,2,5.5,3.0,0.5,0.0,0.0,0.3,9.3,2.5
1,2020-01-01 00:55:07,2020-01-01 01:20:58,1,4.4,1,N,186,263,2,18.5,3.0,0.5,0.0,0.0,0.3,22.3,2.5
2,2020-01-01 00:22:14,2020-01-01 00:57:07,1,4.04,1,N,48,231,1,23.5,0.5,0.5,8.19,0.0,0.3,35.49,2.5
2,2020-01-01 00:59:08,2020-01-01 01:07:09,1,1.27,1,N,211,79,2,7.0,0.5,0.5,0.0,0.0,0.3,10.8,2.5
2,2020-01-01 00:49:41,2020-01-01 01:11:42,1,8.99,1,N,132,37,1,27.5,0.5,0.5,5.76,0.0,0.3,34.56,0.0
1,2020-01-01 00:47:22,2020-01-01 00:59:09,1,1.0,1,N,90,107,1,8.5,3.0,0.5,1.0,0.0,0.3,13.3,2.5
1,2020-01-01 00:17:58,2020-01-01 00:25:58,2,2.0,1,N,75,238,2,8.5,3.0,0.5,0.0,0.0,0.3,12.3,2.5
1,2020-01-01 00:30:12,2020-01-01 00:42:38,3,2.4,1,N,239,166,2,10.5,3.0,0.5,0.0,0.0,0.3,14.3,2.5
1,2020-01-01 00:44:35,2020-01-01 00:59:29,4,2.7,1,N,166,263,1,12.5,3.0,0.5,2.45,0.0,0.3,18.75,2.5
2,2020-01-01 00:18:48,2020-01-01 00:32:50,2,3.89,1,N,237,246,1,14.0,0.5,0.5,4.45,0.0,0.3,22.25,2.5
2,2020-01-01 00:40:52,2020-01-01 00:48:23,1,1.1,1,N,50,142,1,7.0,0.5,0.5,1.5,0.0,0.3,12.3,2.5
2,2020-01-01 00:49:55,2020-01-01 00:55:36,1,1.82,1,N,142,151,1,7.5,0.5,0.5,3.39,0.0,0.3,14.69,2.5
2,2020-01-01 00:10:11,2020-01-01 00:21:33,1,1.8,1,N,113,232,1,9.5,0.5,0.5,3.32,0.0,0.3,16.62,2.5
2,2020-01-01 00:30:51,2020-01-01 00:44:30,1,1.12,1,N,79,148,1,9.5,0.5,0.5,2.66,0.0,0.3,15.96,2.5
2,2020-01-01 00:45:54,2020-01-01 01:05:00,1,3.78,1,N,148,246,2,15.0,0.5,0.5,0.0,0.0,0.3,18.8,2.5
1,2020-01-01 00:54:44,2020-01-01 00:56:37,1,0.5,1,N,113,90,1,4.0,3.0,0.5,1.0,0.0,0.3,8.8,2.5
1,2020-01-01 00:59:52,2020-01-01 01:12:41,3,1.9,1,N,90,161,3,10.0,3.0,0.5,0.0,0.0,0.3,13.8,2.5
1,2020-01-01 00:10:26,2020-01-01 00:26:10,1,7.6,1,N,237,248,2,22.5,3.0,0.5,0.0,0.0,0.3,26.3,2.5
1,2020-01-01 00:45:29,2020-01-01 00:46:41,2,0.2,1,N,262,263,1,3.0,3.0,0.5,1.35,0.0,0.3,8.15,2.5
2,2020-01-01 00:12:49,2020-01-01 00:32:08,1,5.27,1,N,161,87,2,19.0,0.5,0.5,0.0,0.0,0.3,22.8,2.5
2,2020-01-01 00:38:28,2020-01-01 01:10:41,1,4.21,1,N,261,48,1,22.0,0.5,0.5,5.16,0.0,0.3,30.96,2.5
2,2020-01-01 00:40:03,2020-01-01 00:49:31,1,1.1,1,N,68,68,1,8.0,0.5,0.5,2.36,0.0,0.3,14.16,2.5
2,2020-01-01 00:24:35,2020-01-01 00:41:33,1,5.1,1,N,231,161,2,18.0,0.5,0.5,0.0,0.0,0.3,21.8,2.5
2,2020-01-01 00:51:26,2020-01-01 01:27:58,1,6.83,1,N,170,168,1,26.5,0.5,0.5,0.99,0.0,0.3,31.29,2.5
1,2020-01-01 00:23:14,2020-01-01 00:26:40,1,0.7,1,N,249,125,2,4.5,3.0,0.5,0.0,0.0,0.3,8.3,2.5
1,2020-01-01 00:28:14,2020-01-01 00:31:46,1,0.4,1,N,125,211,2,4.0,3.0,0.5,0.0,0.0,0.3,7.8,2.5
1,2020-01-01 00:33:13,2020-01-01 00:47:46,1,3.4,1,N,211,255,1,13.0,3.0,0.5,3.35,0.0,0.3,20.15,2.5
2,2020-01-01 00:15:43,2020-01-01 00:22:28,1,1.09,1,N,142,43,1,6.5,0.5,0.5,2.06,0.0,0.3,12.36,2.5
2,2020-01-01 00:28:59,2020-01-01 00:37:31,1,1.65,1,N,239,141,1,7.5,0.5,0.5,2.82,0.0,0.3,14.12,2.5
2,2020-01-01 00:41:51,2020-01-01 00:54:08,1,1.44,1,N,237,142,1,9.0,0.5,0.5,2.56,0.0,0.3,15.36,2.5
2,2020-01-01 00:09:02,2020-01-01 00:31:30,1,7.88,1,N,127,250,2,25.0,0.5,0.5,0.0,0.0,0.3,26.3,0.0
2,2020-01-01 00:47:28,2020-01-01 00:47:55,1,0.04,1,N,74,74,2,2.5,0.5,0.5,0.0,0.0,0.3,3.8,0.0
1,2020-01-01 00:12:57,2020-01-01 00:22:42,4,0.2,1,N,161,161,1,7.0,3.0,0.5,2.15,0.0,0.3,12.95,2.5
1,2020-01-01 00:28:31,2020-01-01 00:58:21,2,6.5,1,N,161,261,1,27.0,3.0,0.5,6.15,0.0,0.3,36.95,2.5
2,2020-01-01 00:15:33,2020-01-01 00:33:08,3,1.58,1,N,113,170,1,12.0,0.5,0.5,1.5,0.0,0.3,17.3,2.5
1,2020-01-01 00:20:54,2020-01-01 00:58:56,1,5.0,1,N,193,90,1,26.0,0.5,0.5,0.0,0.0,0.3,27.3,0.0
1,2020-01-01 00:22:55,2020-01-01 00:28:15,1,2.2,1,N,233,141,1,8.0,3.0,0.5,2.95,0.0,0.3,14.75,2.5
1,2020-01-01 00:31:44,2020-01-01 00:38:53,2,2.7,1,N,141,233,2,10.0,3.0,0.5,0.0,0.0,0.3,13.8,2.5
1,2020-01-01 00:40:53,2020-01-01 00:49:13,1,2.8,1,N,233,263,1,10.0,3.0,0.5,2.75,0.0,0.3,16.55,2.5
1,2020-01-01 00:56:09,2020-01-01 01:20:27,1,10.9,1,N,263,95,1,31.5,3.0,0.5,8.8,0.0,0.3,44.1,2.5
1,2020-01-01 00:09:00,2020-01-01 00:17:58,1,3.1,1,Y,152,244,2,11.5,0.5,0.5,0.0,0.0,0.3,12.8,0.0
1,2020-01-01 00:27:12,2020-01-01 00:53:03,1,7.5,1,N,166,107,1,25.5,3.0,0.5,5.85,0.0,0.3,35.15,2.5
2,2020-01-01 00:23:44,2020-01-01 00:50:26,5,2.24,1,N,161,236,1,17.5,0.5,0.5,4.26,0.0,0.3,25.56,2.5
2,2020-01-01 00:57:36,2020-01-01 01:33:00,5,14.07,1,N,237,14,2,42.0,0.5,0.5,0.0,0.0,0.3,45.8,2.5
1,2020-01-01 00:21:29,2020-01-01 00:25:13,1,1.3,1,N,236,162,1,5.5,3.0,0.5,1.86,0.0,0.3,11.16,2.5
1,2020-01-01 00:34:31,2020-01-01 00:43:18,2,2.0,1,N,162,263,1,9.0,3.0,0.5,2.55,0.0,0.3,15.35,2.5
1,2020-01-01 00:45:16,2020-01-01 00:57:33,1,4.0,1,N,263,146,1,13.5,3.0,0.5,4.3,0.0,0.3,21.6,2.5
2,2020-01-01 00:26:30,2020-01-01 00:36:10,1,1.76,1,N,143,237,1,8.5,0.5,0.5,2.46,0.0,0.3,14.76,2.5
2,2020-01-01 00:43:01,2020-01-01 01:04:20,1,4.1,1,N,75,69,2,16.5,0.5,0.5,0.0,0.0,0.3,17.8,0.0
2,2020-01-01 00:46:22,2020-01-01 00:58:23,1,1.14,1,N,246,186,2,8.5,0.5,0.5,0.0,0.0,0.3,12.3,2.5
1,2020-01-01 00:19:20,2020-01-01 00:31:27,4,2.5,1,N,148,170,1,10.5,3.0,0.5,2.85,0.0,0.3,17.15,2.5
1,2020-01-01 00:58:11,2020-01-01 01:06:12,2,1.0,1,N,79,144,1,6.5,3.0,0.5,2.05,0.0,0.3,12.35,2.5
2,2020-01-01 00:33:17,2020-01-01 00:35:59,1,1.06,1,N,151,239,1,5.0,0.5,0.5,1.0,0.0,0.3,9.8,2.5
2,2020-01-01 00:32:27,2020-01-01 01:04:15,3,4.93,1,N,158,141,1,22.0,0.5,0.5,1.0,0.0,0.3,26.8,2.5
1,2020-01-01 00:14:43,2020-01-01 00:33:11,2,3.4,1,N,237,144,1,15.0,3.0,0.5,1.0,0.0,0.3,19.8,2.5
2,2020-01-01 00:53:16,2020-01-01 00:58:53,2,0.82,1,N,229,140,2,5.5,0.5,0.5,0.0,0.0,0.3,9.3,2.5
2,2020-01-01 00:15:51,2020-01-01 00:53:20,1,0.0,1,N,12,48,2,2.5,0.5,0.5,0.0,0.0,0.3,6.3,2.5
2,2020-01-01 00:53:36,2020-01-01 01:02:27,1,1.25,1,N,48,142,1,7.5,0.5,0.5,2.26,0.0,0.3,13.56,2.5
2,2020-01-01 00:31:18,2020-01-01 01:04:20,1,3.22,1,N,50,170,1,20.5,0.5,0.5,4.86,0.0,0.3,29.16,2.5
1,2020-01-01 00:40:06,2020-01-01 00:54:57,1,4.2,1,N,179,170,2,15.0,3.0,0.5,0.0,0.0,0.3,18.8,2.5
1,2020-01-01 00:58:46,2020-01-01 01:26:53,2,8.0,1,N,164,181,1,27.0,3.0,0.5,3.08,0.0,0.3,33.88,2.5
1,2020-01-01 00:19:21,2020-01-01 00:37:44,3,5.3,1,N,163,129,2,18.5,3.0,0.5,0.0,0.0,0.3,22.3,2.5
1,2020-01-01 00:41:38,2020-01-01 00:54:08,1,1.9,1,N,129,173,2,10.0,0.5,0.5,0.0,0.0,0.3,11.3,0.0
2,2020-01-01 00:09:49,2020-01-01 00:24:55,1,1.95,1,N,231,107,1,11.0,0.5,0.5,2.96,0.0,0.3,17.76,2.5
2,2020-01-01 00:26:49,2020-01-01 00:31:06,1,0.74,1,N,107,170,1,5.0,0.5,0.5,1.76,0.0,0.3,10.56,2.5
1,2020-01-01 00:12:24,2020-01-01 00:31:24,1,6.3,1,N,114,226,1,21.0,3.0,0.5,3.0,0.0,0.3,27.8,2.5
1,2020-01-01 00:37:40,2020-01-01 00:52:04,1,4.2,1,N,226,160,2,15.5,0.5,0.5,0.0,0.0,0.3,16.8,0.0
1,2020-01-01 00:32:22,2020-01-01 00:42:55,1,1.8,1,N,264,264,1,9.0,0.5,0.5,2.05,0.0,0.3,12.35,0.0
1,2020-01-01 00:53:58,2020-01-01 01:24:54,1,5.1,1,Y,264,264,1,24.0,0.5,0.5,5.05,0.0,0.3,30.35,0.0
2,2020-01-01 00:18:56,2020-01-01 00:22:06,1,0.85,1,N,142,239,2,5.0,0.5,0.5,0.0,0.0,0.3,8.8,2.5
2,2020-01-01 00:23:02,2020-01-01 00:35:47,1,2.15,1,N,239,237,1,10.5,0.5,0.5,2.86,0.0,0.3,17.16,2.5
2,2020-01-01 00:48:20,2020-01-01 00:55:36,1,1.46,1,N,43,236,1,7.5,0.5,0.5,2.0,0.0,0.3,13.3,2.5
1,2020-01-01 00:18:33,2020-01-01 00:26:58,1,1.5,1,N,256,217,2,8.0,0.5,0.5,0.0,0.0,0.3,9.3,0.0
1,2020-01-01 00:40:43,2020-01-01 00:50:41,2,1.8,1,N,144,88,1,8.5,3.0,0.5,2.0,0.0,0.3,14.3,2.5
1,2020-01-01 00:52:15,2020-01-01 00:57:01,1,0.3,1,N,87,87,1,4.5,3.0,0.5,1.65,0.0,0.3,9.95,2.5
1,2020-01-01 00:59:37,2020-01-01 01:15:54,2,3.0,1,N,87,234,1,13.0,3.0,0.5,3.36,0.0,0.3,20.16,2.5
2,2020-01-01 00:24:25,2020-01-01 00:28:13,2,0.73,1,N,7,7,2,4.5,0.5,0.5,0.0,0.0,0.3,5.8,0.0
1,2020-01-01 00:13:57,2020-01-01 00:40:35,2,9.7,1,N,231,244,1,31.0,3.0,0.5,6.95,0.0,0.3,41.75,2.5
1,2020-01-01 00:44:52,2020-01-01 00:50:21,4,1.1,1,N,116,166,2,6.5,0.5,0.5,0.0,0.0,0.3,7.8,0.0
1,2020-01-01 00:51:43,2020-01-01 00:54:48,2,0.6,1,N,166,116,2,4.5,0.5,0.5,0.0,0.0,0.3,5.8,0.0
2,2020-01-01 00:27:36,2020-01-01 00:38:09,4,1.48,1,N,107,233,1,8.5,0.5,0.5,3.08,0.0,0.3,15.38,2.5
2,2020-01-01 00:52:31,2020-01-01 01:06:14,1,1.42,1,N,170,90,2,10.0,0.5,0.5,0.0,0.0,0.3,13.8,2.5
2,2020-01-01 00:19:51,2020-01-01 00:28:25,2,1.69,1,N,237,263,1,8.0,0.5,0.5,3.54,0.0,0.3,15.34,2.5
2,2020-01-01 00:29:29,2020-01-01 00:33:17,2,0.44,1,N,263,236,1,4.5,0.5,0.5,1.66,0.0,0.3,9.96,2.5
2,2020-01-01 00:39:57,2020-01-01 01:01:11,2,8.25,1,N,162,33,1,25.0,0.5,0.5,5.76,0.0,0.3,34.56,2.5
2,2020-01-01 00:26:18,2020-01-01 00:39:28,1,3.32,1,N,161,238,1,12.5,0.5,0.5,4.08,0.0,0.3,20.38,2.5
2,2020-01-01 00:40:48,2020-01-01 00:52:11,2,2.32,1,N,238,42,1,10.0,0.5,0.5,3.39,0.0,0.3,14.69,0.0
2,2020-01-01 00:18:33,2020-01-01 00:38:55,2,13.94,1,N,87,243,1,37.5,0.5,0.5,2.0,0.0,0.3,43.3,2.5
2,2020-01-01 00:40:38,2020-01-01 00:54:51,3,2.32,1,N,243,116,1,12.0,0.5,0.5,3.32,0.0,0.3,16.62,0.0
2,2020-01-01 00:56:02,2020-01-01 01:18:51,2,5.49,1,N,116,140,1,19.5,0.5,0.5,2.08,0.0,0.3,25.38,2.5
2,2020-01-01 00:16:54,2020-01-01 00:34:42,4,4.41,1,N,263,113,1,15.5,0.5,0.5,4.82,0.0,0.3,24.12,2.5
2,2020-01-01 00:41:31,2020-01-01 00:48:52,3,1.18,1,N,90,125,2,6.5,0.5,0.5,0.0,0.0,0.3,10.3,2.5
2,2020-01-01 00:52:43,2020-01-01 01:04:28,5,2.34,1,N,125,170,2,10.5,0.5,0.5,0.0,0.0,0.3,14.3,2.5
1,2020-01-01 00:26:14,2020-01-01 00:51:20,1,1.9,1,N,43,48,1,16.0,3.0,0.5,3.95,0.0,0.3,23.75,2.5
2,2020-01-01 00:17:02,2020-01-01 00:22:02,2,0.62,1,N,237,141,1,5.0,0.5,0.5,2.2,0.0,0.3,11.0,2.5
2,2020-01-01 00:26:22,2020-01-01 00:52:31,2,7.09,1,N,140,244,2,25.5,0.5,0.5,0.0,0.0,0.3,29.3,2.5
2,2020-01-01 00:54:56,2020-01-01 01:10:51,2,2.59,1,N,244,42,1,12.5,0.5,0.5,0.0,0.0,0.3,13.8,0.0
1,2020-01-01 00:34:17,2020-01-01 00:42:20,1,0.8,1,N,48,142,1,6.5,3.0,0.5,2.05,0.0,0.3,12.35,2.5
1,2020-01-01 00:44:24,2020-01-01 01:16:17,2,4.0,1,N,142,224,2,21.0,3.0,0.5,0.0,0.0,0.3,24.8,2.5
